udh_code,centroid_lat,centroid_lng,h3_r13,h3_r10,h3_r8,h3_r5,is_multigeometry,n_polygons
1430060400001,-29.9964016,-51.0473644,8da90164316a2ff,8aa90164316ffff,88a9016431fffff,85a90167fffffff,False,1
1430060400002,-30.0023819,-51.0389948,8da901643d53dbf,8aa901643d57fff,88a901643dfffff,85a90167fffffff,False,1
1430060400003,-29.9966446,-51.0488265,8da901643b9bd3f,8aa901643b9ffff,88a901643bfffff,85a90167fffffff,False,1
1430060400005,-29.989363,-51.0751685,8da90164c4f2c7f,8aa90164c4f7fff,88a90164c5fffff,85a90167fffffff,False,1
1430060400006,-30.0008822,-51.0853261,8da90164c9b383f,8aa90164c9b7fff,88a90164c9fffff,85a90167fffffff,False,1
1430060400007,-30.0066869,-51.0834165,8da90166a71dbbf,8aa90166a71ffff,88a90166a7fffff,85a90167fffffff,False,1
1430060400008,-30.0038676,-51.0604053,8da90164156953f,8aa90164156ffff,88a9016411fffff,85a90167fffffff,False,1
1430060400009,-30.0147624,-51.0521493,8da901640a1e4ff,8aa901640a1ffff,88a901640bfffff,85a90167fffffff,False,1
1430060400010,-29.9971711,-51.0566443,8da901643b6aa7f,8aa901643b6ffff,88a901643bfffff,85a90167fffffff,False,1
1430060400011,-30.0393811,-51.080882,8da90166ed025bf,8aa90166ed17fff,88a90166edfffff,85a90167fffffff,False,1
1430060400012,-30.0298926,-51.0807484,8da90166e55b03f,8aa90166e55ffff,88a90166e5fffff,85a90167fffffff,False,1
1430060400013,-30.0253902,-51.0845816,8da90166e624abf,8aa90166e627fff,88a90166e7fffff,85a90167fffffff,False,1
1430060400014,-30.0192469,-51.0796816,8da90166adada7f,8aa90166ad1ffff,88a90166adfffff,85a90167fffffff,False,1
1430060400015,-30.0234703,-51.0707825,8da901645ab47bf,8aa901645ab7fff,88a901645bfffff,85a90167fffffff,False,1
1430060400016,-30.0402827,-51.0594735,8da9016634733bf,8aa901663477fff,88a9016635fffff,85a90167fffffff,False,1
1430060400017,-30.0218395,-51.0625248,8da901645080d7f,8aa901645087fff,88a9016451fffff,85a90167fffffff,False,1
1430060400018,-29.9786059,-51.0229108,8da9016589366bf,8aa901658937fff,88a9016589fffff,85a90167fffffff,False,1
1430060400019,-30.0062952,-51.0875349,8da90166a76c57f,8aa90166a76ffff,88a90166a7fffff,85a90167fffffff,True,2
1430060400020,-29.9788944,-51.0775165,8da901648c1687f,8aa901648c17fff,88a901648dfffff,85a90167fffffff,False,1
1430060400021,-29.9927106,-51.0859801,8da90164c022aff,8aa90164c027fff,88a90164c1fffff,85a90167fffffff,False,1
1430060400022,-29.9862105,-51.0673424,8da90164e1662ff,8aa90164e167fff,88a90164e1fffff,85a90167fffffff,False,1
1430087700001,-29.6452174,-50.9295632,8da90ec48aa56bf,8aa90ec48aa7fff,88a90ec48bfffff,85a90ec7fffffff,False,1
1430110700001,-30.2327697,-51.738392,8da90cda982ba3f,8aa90cda982ffff,88a90cda99fffff,85a90cdbfffffff,False,1
1430310300001,-29.8737988,-51.1070137,8da90e9ab92d0bf,8aa90e9ab92ffff,88a90e9ab9fffff,85a90e9bfffffff,False,1
1430310300002,-29.8942935,-51.0935836,8da90e9aea468ff,8aa90e9aea47fff,88a90e9aebfffff,85a90e9bfffffff,False,1
1430310300003,-29.8874427,-51.0840657,8da90e9ae2826ff,8aa90e9ae29ffff,88a90e9ae3fffff,85a90e9bfffffff,False,1
1430310300004,-29.922889,-51.1061571,8da90e91215333f,8aa90e912157fff,88a90e9121fffff,85a90e93fffffff,False,1
1430310300005,-29.8966596,-51.0703401,8da90e9ae5a3b3f,8aa90e9ae5a7fff,88a90e9ae5fffff,85a90e9bfffffff,False,1
1430310300006,-29.9029991,-51.0709666,8da90e9a3acb33f,8aa90e9a3acffff,88a90e9a3bfffff,85a90e9bfffffff,False,1
1430310300007,-29.9114527,-51.0871877,8da90e9a131457f,8aa90e9a1317fff,88a90e9a13fffff,85a90e9bfffffff,False,1
1430310300008,-29.9149599,-51.0782863,8da90e9a15699bf,8aa90e9a156ffff,88a90e9a11fffff,85a90e9bfffffff,False,1
1430310300009,-29.9191995,-51.0752275,8da90e9a1ca943f,8aa90e9a1caffff,88a90e9a1dfffff,85a90e9bfffffff,False,1
1430310300010,-29.9273067,-51.0880498,8da90e9a5213bbf,8aa90e9a5217fff,88a90e9a53fffff,85a90e9bfffffff,False,1
1430310300011,-29.9221836,-51.0963777,8da90e91242c0bf,8aa90e91242ffff,88a90e9125fffff,85a90e9bfffffff,False,1
1430310300012,-29.9279475,-51.0923827,8da90e9a535d2bf,8aa90e9a535ffff,88a90e9a53fffff,85a90e9bfffffff,False,1
1430310300014,-29.9382301,-51.0895499,8da90e9a585dd3f,8aa90e9a585ffff,88a90e9a59fffff,85a90e9bfffffff,False,1
1430310300015,-29.9402547,-51.0997703,8da90e91646113f,8aa90e916467fff,88a90e9165fffff,85a90e93fffffff,False,1
1430310300016,-29.949252,-51.1100367,8da90e9169506ff,8aa90e916957fff,88a90e9169fffff,85a90e93fffffff,False,1
1430310300018,-29.9396173,-51.0767602,8da90e9a5c118ff,8aa90e9a5c17fff,88a90e9a5dfffff,85a90e9bfffffff,False,1
1430310300019,-29.953792,-51.1035215,8da90164960c27f,8aa90164960ffff,88a9016497fffff,85a90e93fffffff,False,1
1430310300020,-29.9495554,-51.0903556,8da90164b303b7f,8aa90164b307fff,88a90164b3fffff,85a90167fffffff,False,1
1430310300021,-29.9612821,-51.0855136,8da90164b9aa2ff,8aa90164b9affff,88a90164b9fffff,85a90167fffffff,False,1
1430310300022,-29.9401995,-51.0811718,8da90e9a5d4e2ff,8aa90e9a5d4ffff,88a90e9a5dfffff,85a90e9bfffffff,False,1
1430390500001,-29.67333,-51.0678022,8da90e88b6aa83f,8aa90e88b6affff,88a90e88b7fffff,85a90e8bfffffff,False,1
1430390500002,-29.6612822,-51.0505018,8da90e12099eaff,8aa90e12099ffff,88a90e1209fffff,85a90e13fffffff,False,1
1430390500003,-29.678789,-51.071963,8da90e88b0d483f,8aa90e88b0f7fff,88a90e88b1fffff,85a90e8bfffffff,False,1
1430390500004,-29.6630077,-51.0882846,8da90e8d66a423f,8aa90e8d66a7fff,88a90e8d67fffff,85a90e8ffffffff,True,2
1430390500005,-29.6812312,-51.0358735,8da90e8993119bf,8aa90e899317fff,88a90e8993fffff,85a90e8bfffffff,False,1
1430460600001,-29.9253136,-51.1691544,8da90e90200b0ff,8aa90e90200ffff,88a90e9021fffff,85a90e93fffffff,False,1
1430460600002,-29.8855874,-51.1556874,8da90e91848dd3f,8aa90e91848ffff,88a90e9185fffff,85a90e93fffffff,False,1
1430460600003,-29.8939024,-51.1321635,8da90e9adbad0bf,8aa90e9adbaffff,88a90e9adbfffff,85a90e93fffffff,False,1
1430460600004,-29.8959723,-51.1375621,8da90e91e4ea8ff,8aa90e91e4effff,88a90e91e5fffff,85a90e93fffffff,False,1
1430460600005,-29.9195855,-51.1384308,8da90e91150b0bf,8aa90e91150ffff,88a90e9115fffff,85a90e93fffffff,False,1
1430460600006,-29.8998568,-51.2361718,8da90e908950b7f,8aa90e908957fff,88a90e9089fffff,85a90e93fffffff,False,1
1430460600007,-29.9019928,-51.2132749,8da90e90e0456bf,8aa90e90e047fff,88a90e90e1fffff,85a90e93fffffff,False,1
1430460600008,-29.9090194,-51.2084308,8da90e90e8928bf,8aa90e90e897fff,88a90e90edfffff,85a90e93fffffff,False,1
1430460600009,-29.903649,-51.1883884,8da90e91d99c97f,8aa90e91d987fff,88a90e91d9fffff,85a90e93fffffff,False,1
1430460600010,-29.954042,-51.1672433,8da90e906d618bf,8aa90e906d67fff,88a90e906dfffff,85a90e93fffffff,False,1
1430460600011,-29.960732,-51.1521159,8da90e9338c8dbf,8aa90e9338cffff,88a90e9339fffff,85a90e93fffffff,False,1
1430460600012,-29.9356722,-51.1494466,8da90e91505e7bf,8aa90e91505ffff,88a90e9151fffff,85a90e93fffffff,False,1
1430460600013,-29.9451946,-51.1751423,8da90e906a8313f,8aa90e906a87fff,88a90e906bfffff,85a90e93fffffff,False,1
1430460600014,-29.9153945,-51.213783,8da90e90128ed3f,8aa90e901287fff,88a90e9013fffff,85a90e93fffffff,False,1
1430460600015,-29.9169462,-51.2059637,8da90e901789b7f,8aa90e90178ffff,88a90e9017fffff,85a90e93fffffff,False,1
1430460600016,-29.9221951,-51.1932423,8da90e90382ecff,8aa90e90382ffff,88a90e9039fffff,85a90e93fffffff,False,1
1430460600017,-29.9256597,-51.193804,8da90e9002d66bf,8aa90e9002d7fff,88a90e9003fffff,85a90e93fffffff,False,1
1430460600018,-29.9465101,-51.2059909,8da90e905ce063f,8aa90e905ce7fff,88a90e905dfffff,85a90e93fffffff,False,1
1430460600019,-29.928164,-51.1805738,8da90e902b4393f,8aa90e902b47fff,88a90e902bfffff,85a90e93fffffff,False,1
1430460600020,-29.9316946,-51.199246,8da90e900ace47f,8aa90e900acffff,88a90e900bfffff,85a90e93fffffff,False,1
1430460600021,-29.8882496,-51.1940062,8da90e91d2e6d3f,8aa90e91d21ffff,88a90e91d3fffff,85a90e93fffffff,False,1
1430460600022,-29.8982464,-51.1796627,8da90e91d505d3f,8aa90e91d507fff,88a90e91d5fffff,85a90e93fffffff,False,1
1430460600023,-29.9044692,-51.1800041,8da90e91dda013f,8aa90e91dda7fff,88a90e91ddfffff,85a90e93fffffff,False,1
1430460600024,-29.9562501,-51.1889808,8da90e9041126ff,8aa90e904117fff,88a90e9041fffff,85a90e93fffffff,False,1
1430460600025,-29.9475454,-51.1872903,8da90e9046047bf,8aa90e904607fff,88a90e9047fffff,85a90e93fffffff,False,1
1430460600026,-29.9644301,-51.1901335,8da90e92265ed3f,8aa90e922657fff,88a90e9227fffff,85a90e93fffffff,False,1
1430460600027,-29.9191381,-51.1842358,8da90e903ce1abf,8aa90e903ce7fff,88a90e903dfffff,85a90e93fffffff,False,1
1430460600028,-29.9643591,-51.1914483,8da90e92264e57f,8aa90e92264ffff,88a90e9227fffff,85a90e93fffffff,False,1
1430460600029,-29.9592159,-51.1830725,8da90e904cac77f,8aa90e904caffff,88a90e904dfffff,85a90e93fffffff,False,1
1430468900001,-29.703902,-51.3798041,8da90e86b5946bf,8aa90e86b597fff,88a90e86b5fffff,85a90e87fffffff,False,1
1430535500001,-29.9617311,-51.6216832,8da90c50287007f,8aa90c502877fff,88a90c5029fffff,85a90c53fffffff,False,1
1430535500002,-29.9543438,-51.6176486,8da90c502056aff,8aa90c502057fff,88a90c5021fffff,85a90c53fffffff,False,1
1430535500003,-29.9563035,-51.6403802,8da90c500283d3f,8aa90c500287fff,88a90c5003fffff,85a90c53fffffff,False,1
1430535500004,-29.984021,-51.6389949,8da90c5040201bf,8aa90c504027fff,88a90c5041fffff,85a90c53fffffff,False,1
1430535500005,-29.975223,-51.6319806,8da90c5046804ff,8aa90c504687fff,88a90c5047fffff,85a90c53fffffff,False,1
1430535500006,-29.9631582,-51.6336314,8da90c5000b3cbf,8aa90c5000b7fff,88a90c5001fffff,85a90c53fffffff,False,1
1430535500007,-29.9985436,-51.5849733,8da90c532a0177f,8aa90c532a07fff,88a90c532bfffff,85a90c53fffffff,False,1
1430640300001,-29.5922866,-51.0903871,8da90e12b03153f,8aa90e12b037fff,88a90e12b1fffff,85a90e13fffffff,False,1
1430640300002,-29.5756036,-51.0948545,8da90e10d8eb27f,8aa90e10d8effff,88a90e10d9fffff,85a90e13fffffff,False,1
1430640300003,-29.6100426,-51.0871722,8da90e128090dbf,8aa90e128097fff,88a90e1285fffff,85a90e13fffffff,False,1
1430640300004,-29.5883407,-51.0745025,8da90e10c8514bf,8aa90e10c857fff,88a90e10c9fffff,85a90e13fffffff,False,1
1430640300005,-29.5986953,-51.0822586,8da90e12bd9d87f,8aa90e12bd9ffff,88a90e12bdfffff,85a90e13fffffff,False,1
1430640300006,-29.5856764,-51.0934852,8da90e12b39b2ff,8aa90e12b39ffff,88a90e12b3fffff,85a90e13fffffff,False,1
1430676700001,-30.1237914,-51.6530879,8da90cca349c07f,8aa90cca349ffff,88a90cca35fffff,85a90ccbfffffff,False,1
1430676700002,-29.9931414,-51.3011809,8da9012d515bcbf,8aa9012d515ffff,88a9012d51fffff,85a9012ffffffff,False,1
1430676700003,-30.0858012,-51.5274481,8da901261d9977f,8aa901261d9ffff,88a901261dfffff,85a90127fffffff,False,1
1430676700005,-29.9999412,-51.2693934,8da9012d44cb6ff,8aa9012d6b67fff,88a9012d6bfffff,85a9012ffffffff,False,1
1430676700007,-30.0011191,-51.3047292,8da9012d594667f,8aa9012d5947fff,88a9012d59fffff,85a9012ffffffff,False,1
1430676700008,-30.0013508,-51.3154689,8da9012c656b57f,8aa9012c656ffff,88a9012c65fffff,85a9012ffffffff,False,1
1430676700009,-30.0421294,-51.3140894,8da9012f5528cff,8aa9012f552ffff,88a9012f55fffff,85a9012ffffffff,False,1
1430676700010,-30.019339,-51.3073905,8da9012f3949a3f,8aa9012f394ffff,88a9012f39fffff,85a9012ffffffff,True,2
1430676700011,-29.9919864,-51.3091028,8da9012d5a5203f,8aa9012d5a57fff,88a9012d5bfffff,85a9012ffffffff,False,1
1430676700012,-30.0067939,-51.3134093,8da9012c6c114ff,8aa9012c6c17fff,88a9012c6dfffff,85a9012ffffffff,False,1
1430676700014,-30.041705,-51.3065863,8da9012f42dd4bf,8aa9012f42dffff,88a9012f43fffff,85a9012ffffffff,False,1
1430676700015,-29.9971459,-51.312194,8da9012c64cdcbf,8aa9012c64cffff,88a9012c65fffff,85a9012ffffffff,False,1
1430676700016,-29.9877792,-51.3099637,8da9012c2cb42ff,8aa9012c2cb7fff,88a9012c2dfffff,85a9012ffffffff,False,1
1430760900001,-29.654676,-51.1786749,8da90e8c06449bf,8aa90e8c0667fff,88a90e8c07fffff,85a90e8ffffffff,False,1
1430760900002,-29.6650619,-51.1465506,8da90e8d5ae58ff,8aa90e8d5ae7fff,88a90e8d5bfffff,85a90e8ffffffff,False,1
1430760900003,-29.6517806,-51.1537394,8da90e8c27359bf,8aa90e8c2737fff,88a90e8c27fffff,85a90e8ffffffff,False,1
1430760900004,-29.6540262,-51.1960709,8da90e8c11b493f,8aa90e8c1c5ffff,88a90e8c1dfffff,85a90e8ffffffff,False,1
1430770800001,-29.8440987,-51.1867599,8da90e8228a08ff,8aa90e8228a7fff,88a90e8229fffff,85a90e83fffffff,False,1
1430770800002,-29.8490047,-51.1783343,8da90e835a6533f,8aa90e835a67fff,88a90e835bfffff,85a90e83fffffff,False,1
1430770800003,-29.8446076,-51.177475,8da90e822d8e57f,8aa90e822d8ffff,88a90e822dfffff,85a90e83fffffff,False,1
1430770800005,-29.8506428,-51.1824681,8da90e8266334ff,8aa90e826637fff,88a90e8267fffff,85a90e83fffffff,False,1
1430770800006,-29.8459499,-51.1627095,8da90e835721dbf,8aa90e835727fff,88a90e8357fffff,85a90e83fffffff,False,1
1430770800007,-29.8478534,-51.171611,8da90e835a8e0bf,8aa90e835a8ffff,88a90e835bfffff,85a90e83fffffff,False,1
1430770800008,-29.8591034,-51.1761836,8da90e82651637f,8aa90e826517fff,88a90e8265fffff,85a90e83fffffff,False,1
1430770800009,-29.8584899,-51.1757907,8da90e8265ac53f,8aa90e8265affff,88a90e8265fffff,85a90e83fffffff,False,1
1430770800012,-29.8601024,-51.1613743,8da90e91b6f617f,8aa90e91b6f7fff,88a90e91b7fffff,85a90e83fffffff,False,1
1430770800013,-29.8561838,-51.160419,8da90e835c25a3f,8aa90e835c27fff,88a90e835dfffff,85a90e83fffffff,False,1
1430770800014,-29.8603661,-51.1513243,8da90e834aae13f,8aa90e834aaffff,88a90e834bfffff,85a90e83fffffff,False,1
1430770800015,-29.8607411,-51.1361549,8da90e83442183f,8aa90e834427fff,88a90e8345fffff,85a90e83fffffff,False,1
1430770800016,-29.8633684,-51.1196231,8da90e9a96f1d7f,8aa90e9a96f7fff,88a90e9a97fffff,85a90e9bfffffff,False,1
1430770800017,-29.8517706,-51.1513594,8da90e8342e803f,8aa90e8342effff,88a90e8343fffff,85a90e83fffffff,False,1
1430770800018,-29.8572681,-51.1403265,8da90e8347339bf,8aa90e834737fff,88a90e8347fffff,85a90e83fffffff,False,1
1430905000001,-29.8648038,-50.754217,8da90ed0e68273f,8aa90ed0e687fff,88a90ed0e7fffff,85a90ed3fffffff,False,1
1430920900001,-29.8674643,-51.0510443,8da90e98142ecff,8aa90e98142ffff,88a90e9815fffff,85a90e9bfffffff,False,1
1430920900002,-29.8826321,-51.0644179,8da90e9853a877f,8aa90e9853affff,88a90e9853fffff,85a90e9bfffffff,False,1
1430920900003,-29.8591973,-50.9803297,8da90e99384a6ff,8aa90e99384ffff,88a90e993bfffff,85a90e9bfffffff,False,1
1430920900005,-29.8426794,-50.923019,8da90ed6ecd053f,8aa90ed6ecd7fff,88a90ed6edfffff,85a90ed7fffffff,False,1
1430920900006,-29.8196456,-50.8795196,8da90ed407b6cff,8aa90ed407b7fff,88a90ed405fffff,85a90ed7fffffff,False,1
1430920900007,-29.8554911,-50.8854436,8da90ed6260393f,8aa90ed62607fff,88a90ed627fffff,85a90ed7fffffff,False,1
1430920900008,-29.8461087,-50.9109475,8da90ed63393cbf,8aa90ed63397fff,88a90ed633fffff,85a90ed7fffffff,False,1
1430920900010,-29.9590421,-50.9016503,8da9016c0a19d7f,8aa9016c0a1ffff,88a9016c0bfffff,85a9016ffffffff,False,1
1430920900011,-29.9457532,-50.9125473,8da9016c10f317f,8aa9016c10f7fff,88a9016c11fffff,85a9016ffffffff,False,1
1430920900012,-29.9261538,-50.8899333,8da9016dd8901bf,8aa9016dd897fff,88a9016dddfffff,85a9016ffffffff,False,1
1430920900013,-29.9166324,-50.9355142,8da9016c8076b7f,8aa9016c8077fff,88a9016c81fffff,85a9016ffffffff,False,1
1430920900014,-29.9346868,-50.9221274,8da9016cc4803bf,8aa9016cc487fff,88a9016cc5fffff,85a9016ffffffff,False,1
1430920900015,-29.9268705,-50.937913,8da9016c892e07f,8aa9016c892ffff,88a9016c89fffff,85a9016ffffffff,False,1
1430920900016,-29.9190389,-50.9106292,8da9016ce6eb93f,8aa9016ce6effff,88a9016ce7fffff,85a9016ffffffff,False,1
1430920900017,-29.9350747,-50.9612496,8da9016eb2dc0ff,8aa9016eb2dffff,88a9016eb3fffff,85a9016ffffffff,False,1
1430920900018,-29.9563259,-50.9640473,8da9016e8256a3f,8aa9016e8257fff,88a9016e83fffff,85a9016ffffffff,False,1
1430920900019,-29.9443647,-50.9706973,8da9016e968273f,8aa9016e9687fff,88a9016e97fffff,85a9016ffffffff,False,1
1430920900020,-29.932488,-50.974534,8da90e9b60a17bf,8aa90e9b60a7fff,88a90e9b61fffff,85a9016ffffffff,False,1
1430920900021,-29.9400572,-50.9940366,8da90e9b40940ff,8aa90e9b4097fff,88a90e9b41fffff,85a90e9bfffffff,False,1
1430920900022,-29.9393587,-51.0073789,8da90e9b4ac4d3f,8aa90e9b4ac7fff,88a90e9b4bfffff,85a90e9bfffffff,False,1
1430920900023,-29.9309172,-50.9779434,8da90e9b60ecd3f,8aa90e9b60effff,88a90e9b61fffff,85a90e9bfffffff,False,1
1430920900025,-29.9495151,-50.9461341,8da9016ebc9513f,8aa9016ebc97fff,88a9016ebdfffff,85a9016ffffffff,False,1
1430920900026,-29.9441928,-50.9789888,8da9016e966d67f,8aa9016e966ffff,88a9016e97fffff,85a9016ffffffff,False,1
1430920900028,-29.8953204,-51.0103484,8da90e986cabb7f,8aa90e986caffff,88a90e986dfffff,85a90e9bfffffff,False,1
1430920900029,-29.8764948,-50.9989008,8da90e9952a29bf,8aa90e9952a7fff,88a90e9953fffff,85a90e9bfffffff,False,1
1430920900030,-29.9098555,-51.0524934,8da90e9a35242bf,8aa90e9a3527fff,88a90e9a3dfffff,85a90e9bfffffff,False,1
1430920900031,-29.9041748,-51.0557856,8da90e9a346a17f,8aa90e9a346ffff,88a90e9a35fffff,85a90e9bfffffff,False,1
1430920900032,-29.9123351,-51.0531266,8da90e9a3ca52ff,8aa90e9a3ca7fff,88a90e9a3dfffff,85a90e9bfffffff,False,1
1430920900033,-29.9184761,-51.0355628,8da90e9a256837f,8aa90e9a256ffff,88a90e9a21fffff,85a90e9bfffffff,False,1
1430920900034,-29.9238557,-51.0451986,8da90e9a28728bf,8aa90e9a2877fff,88a90e9a29fffff,85a90e9bfffffff,False,1
1430920900037,-29.9244447,-51.0645265,8da90e9a0046aff,8aa90e9a0047fff,88a90e9a01fffff,85a90e9bfffffff,False,1
1430920900040,-29.9428462,-51.0533914,8da90e9a44e283f,8aa90e9a44e7fff,88a90e9a45fffff,85a90e9bfffffff,False,1
1430920900041,-29.9507246,-51.0527151,8da90e9a4cb31bf,8aa90e9a4cb7fff,88a90e9a4dfffff,85a90167fffffff,False,1
1430920900042,-29.9455568,-51.0655962,8da90e9a415d0ff,8aa90e9a415ffff,88a90e9a41fffff,85a90167fffffff,False,1
1430920900043,-29.9584364,-51.0356297,8da9016595660bf,8aa901659567fff,88a9016595fffff,85a90167fffffff,False,1
1430920900044,-29.9254191,-50.9966562,8da90e9b0136abf,8aa90e9b0137fff,88a90e9b01fffff,85a90e9bfffffff,False,1
1430920900045,-29.9358372,-51.0476119,8da90e9a6a8aa3f,8aa90e9a6a8ffff,88a90e9a6bfffff,85a90e9bfffffff,False,1
1430920900046,-29.9206626,-51.0020726,8da90e9b0a923bf,8aa90e9b0a97fff,88a90e9b01fffff,85a90e9bfffffff,False,1
1430920900047,-29.9305295,-51.002631,8da90e9b0976cbf,8aa90e9b092ffff,88a90e9b09fffff,85a90e9bfffffff,False,1
1430920900048,-29.9283128,-51.0115528,8da90e9b540d97f,8aa90e9b540ffff,88a90e9b55fffff,85a90e9bfffffff,False,1
1430920900049,-29.9333189,-51.0234647,8da90e9b58ea17f,8aa90e9b58effff,88a90e9b59fffff,85a90e9bfffffff,False,1
1430920900051,-29.9217011,-51.0448689,8da90e9a28e94bf,8aa90e9a28effff,88a90e9a29fffff,85a90e9bfffffff,False,1
1430920900052,-29.9234691,-51.0485341,8da90e9a049ecff,8aa90e9a049ffff,88a90e9a05fffff,85a90e9bfffffff,True,2
1430920900053,-29.9260345,-51.0326759,8da90e9a2dac77f,8aa90e9a2daffff,88a90e9a2dfffff,85a90e9bfffffff,False,1
1430920900054,-29.9410495,-51.0256319,8da90165b2f5a3f,8aa90165b2e7fff,88a90165b3fffff,85a90e9bfffffff,False,1
1430920900056,-29.9188457,-50.9112188,8da9016ce6e927f,8aa9016ca9b7fff,88a9016ce7fffff,85a9016ffffffff,False,1
1430930800001,-30.0938511,-51.3306757,8da90121c30e3bf,8aa90121c30ffff,88a90121c3fffff,85a90123fffffff,False,1
1430930800002,-30.1406387,-51.3200058,8da901206ce28ff,8aa901206ce7fff,88a901206dfffff,85a90123fffffff,False,1
1430930800003,-30.1106486,-51.3289486,8da9012022acdbf,8aa9012022affff,88a9012023fffff,85a90123fffffff,False,1
1430930800004,-30.15479,-51.3437712,8da9012226f227f,8aa9012226f7fff,88a9012227fffff,85a90123fffffff,False,1
1430930800005,-30.1341531,-51.3654223,8da90120518387f,8aa901205187fff,88a9012051fffff,85a90123fffffff,False,1
1430930800006,-30.1434302,-51.329968,8da90120682e0bf,8aa90120682ffff,88a9012069fffff,85a90123fffffff,False,1
1430930800007,-30.1034781,-51.3684134,8da90120e9128bf,8aa90120e917fff,88a90120e9fffff,85a90123fffffff,False,1
1430930800008,-30.1194145,-51.3268623,8da9012021761bf,8aa901202177fff,88a9012021fffff,85a90123fffffff,False,1
1430930800009,-30.1257692,-51.3517091,8da901200ab45bf,8aa901200ab7fff,88a901200bfffff,85a90123fffffff,False,1
1430930800010,-30.1684836,-51.3960345,8da9012219704ff,8aa901221977fff,88a9012219fffff,85a90123fffffff,False,1
1430930800012,-30.1722731,-51.4185209,8da9013528430ff,8aa901352847fff,88a9013529fffff,85a90137fffffff,False,1
1430930800013,-30.0965326,-51.3147104,8da90121c41c67f,8aa90121c41ffff,88a90121c5fffff,85a90123fffffff,False,1
1430930800014,-30.1206762,-51.3613851,8da901201c3587f,8aa901201c37fff,88a901201dfffff,85a90123fffffff,False,1
1430930800015,-30.115545,-51.3637645,8da9012011b33bf,8aa9012011b7fff,88a9012011fffff,85a90123fffffff,False,1
1431010800001,-29.5683917,-50.7866132,8da90ecc96883bf,8aa90ecc968ffff,88a90ecc97fffff,85a90e1bfffffff,False,1
1431010800002,-29.5661062,-50.7863606,8da90e196d0ccff,8aa90e196d0ffff,88a90e196dfffff,85a90e1bfffffff,False,1
1431080100001,-29.5880961,-51.1645275,8da90e8db241b7f,8aa90e8db26ffff,88a90e8db3fffff,85a90e17fffffff,False,1
1431240100001,-29.6420823,-51.5590348,8da90eb2d62b1bf,8aa90eb2d62ffff,88a90eb2d7fffff,85a90eb3fffffff,False,1
1431240100002,-29.7166598,-51.5056915,8da90c48a2066ff,8aa90c48a207fff,88a90c48a3fffff,85a90c4bfffffff,False,1
1431240100003,-29.6799487,-51.5156009,8da90eb21d5493f,8aa90eb21d77fff,88a90eb21dfffff,85a90eb3fffffff,False,1
1431240100004,-29.631369,-51.4931401,8da90eb01d5bc7f,8aa90eb01d5ffff,88a90eb01dfffff,85a90eb3fffffff,False,1
1431240100005,-29.6518825,-51.4470209,8da90eb06525b7f,8aa90eb06cd7fff,88a90eb06dfffff,85a90eb3fffffff,False,1
1431240100006,-29.6563677,-51.4531107,8da90eb06d612bf,8aa90eb06d67fff,88a90eb06dfffff,85a90eb3fffffff,False,1
1431240100007,-29.6798361,-51.4391716,8da90eb3014d6ff,8aa90eb3014ffff,88a90eb301fffff,85a90eb3fffffff,False,1
1431240100008,-29.6836072,-51.4605547,8da90eb353acc7f,8aa90eb353affff,88a90eb353fffff,85a90eb3fffffff,False,1
1431240100009,-29.6748428,-51.4627265,8da90eb3194ab7f,8aa90eb3194ffff,88a90eb319fffff,85a90eb3fffffff,False,1
1431240100010,-29.6922209,-51.452228,8da90eb35c540bf,8aa90eb35c57fff,88a90eb35dfffff,85a90eb3fffffff,False,1
1431240100011,-29.7720638,-51.4434206,8da90c4953a967f,8aa90c4953affff,88a90c4953fffff,85a90c4bfffffff,False,1
1431240100012,-29.6970896,-51.4780009,8da90eb26119c3f,8aa90eb2611ffff,88a90eb261fffff,85a90eb3fffffff,False,1
1431240100015,-29.6980033,-51.4668918,8da90c49b24b13f,8aa90c49b24ffff,88a90eb265fffff,85a90eb3fffffff,False,1
1431240100016,-29.6933085,-51.4695065,8da90eb264e4a7f,8aa90eb264e7fff,88a90eb265fffff,85a90eb3fffffff,False,1
1431240100017,-29.705739,-51.4889872,8da90eb2451697f,8aa90eb24517fff,88a90eb245fffff,85a90c4bfffffff,False,1
1431240100018,-29.6789781,-51.471245,8da90eb22cc3d7f,8aa90eb22cc7fff,88a90eb22dfffff,85a90eb3fffffff,False,1
1431240100019,-29.6925721,-51.4914064,8da90eb20d1283f,8aa90eb20d17fff,88a90eb20dfffff,85a90eb3fffffff,False,1
1431240100021,-29.6898637,-51.4703203,8da90eb2679357f,8aa90eb26797fff,88a90eb267fffff,85a90eb3fffffff,False,1
1431240100030,-29.6714329,-51.4592221,8da90eb318ced7f,8aa90eb318cffff,88a90eb319fffff,85a90eb3fffffff,False,1
1431306000001,-29.5953235,-50.9065867,8da90e1a0ad24bf,8aa90e1a0327fff,88a90e1a0bfffff,85a90e1bfffffff,False,1
1431337500001,-29.8434125,-51.2727661,8da90e95074d07f,8aa90e95074ffff,88a90e9507fffff,85a90e97fffffff,False,1
1431340900001,-29.7176278,-51.1035823,8da90e8f6596aff,8aa90e8f6597fff,88a90e8f65fffff,85a90e8bfffffff,True,2
1431340900002,-29.7479624,-51.0628704,8da90e885ade6ff,8aa90e885adffff,88a90e8853fffff,85a90e8bfffffff,False,1
1431340900003,-29.7545403,-51.0330435,8da90e884646c3f,8aa90e884647fff,88a90e8847fffff,85a90e8bfffffff,False,1
1431340900004,-29.7577467,-51.0317843,8da90e884708a7f,8aa90e88470ffff,88a90e8847fffff,85a90e8bfffffff,False,1
1431340900005,-29.7110168,-51.1151798,8da90e8f675647f,8aa90e8f6757fff,88a90e8f67fffff,85a90e8ffffffff,False,1
1431340900006,-29.7149915,-51.1315778,8da90e8f0d3477f,8aa90e8f0d37fff,88a90e8f0dfffff,85a90e8ffffffff,False,1
1431340900008,-29.703759,-51.1182958,8da90e8f2810cbf,8aa90e8f2817fff,88a90e8f29fffff,85a90e8ffffffff,False,1
1431340900010,-29.7203388,-51.1350319,8da90e8f470243f,8aa90e8f4717fff,88a90e8f47fffff,85a90e8ffffffff,False,1
1431340900011,-29.7014766,-51.1191715,8da90e8f28f17bf,8aa90e8f28f7fff,88a90e8f29fffff,85a90e8ffffffff,False,1
1431340900012,-29.724523,-51.1384763,8da90e8f40062bf,8aa90e8f4007fff,88a90e8f41fffff,85a90e8ffffffff,False,1
1431340900013,-29.6961921,-51.1104623,8da90e8f25592bf,8aa90e8f2467fff,88a90e8f25fffff,85a90e8ffffffff,False,1
1431340900014,-29.6936645,-51.1502942,8da90e8f14202bf,8aa90e8f1427fff,88a90e8f15fffff,85a90e8ffffffff,True,2
1431340900015,-29.6726693,-51.1557898,8da90e8c60aa7bf,8aa90e8c60affff,88a90e8c61fffff,85a90e8ffffffff,False,1
1431340900016,-29.6786481,-51.1628885,8da90e8c6853cbf,8aa90e8c6857fff,88a90e8c69fffff,85a90e8ffffffff,False,1
1431340900017,-29.7000521,-51.1249591,8da90e8f2b1133f,8aa90e8f2b17fff,88a90e8f2bfffff,85a90e8ffffffff,False,1
1431340900018,-29.6800167,-51.117025,8da90e8d412b0bf,8aa90e8d412ffff,88a90e8d41fffff,85a90e8ffffffff,False,1
1431340900019,-29.6903994,-51.1403083,8da90e8f38f5aff,8aa90e8f38f7fff,88a90e8f39fffff,85a90e8ffffffff,False,1
1431340900020,-29.6782589,-51.1496378,8da90e8c6c8e0ff,8aa90e8c6c8ffff,88a90e8c6dfffff,85a90e8ffffffff,False,1
1431340900021,-29.6711294,-51.1324121,8da90e8d5c720ff,8aa90e8d5c77fff,88a90e8d5dfffff,85a90e8ffffffff,False,1
1431340900022,-29.6639988,-51.1362108,8da90e8d50e24bf,8aa90e8d50f7fff,88a90e8d51fffff,85a90e8ffffffff,False,1
1431340900023,-29.6588517,-51.1349482,8da90e8d567613f,8aa90e8d5677fff,88a90e8d57fffff,85a90e8ffffffff,True,2
1431340900024,-29.6525268,-51.1321462,8da90e8d1d5a3bf,8aa90e8d1d5ffff,88a90e8d1dfffff,85a90e8ffffffff,False,1
1431340900026,-29.6547859,-51.1046565,8da90e8d04d5cff,8aa90e8d04d7fff,88a90e8d05fffff,85a90e8ffffffff,False,1
1431340900029,-29.6522479,-51.1088675,8da90e8d079db7f,8aa90e8d078ffff,88a90e8d07fffff,85a90e8ffffffff,False,1
1431340900030,-29.6646432,-51.0930194,8da90e8d67738bf,8aa90e8d6777fff,88a90e8d67fffff,85a90e8ffffffff,False,1
1431340900031,-29.672719,-51.097136,8da90e8d68dd57f,8aa90e8d68dffff,88a90e8d69fffff,85a90e8ffffffff,False,1
1431340900032,-29.6756888,-51.0963584,8da90e8d681ecbf,8aa90e8d681ffff,88a90e8d69fffff,85a90e8ffffffff,False,1
1431340900033,-29.6952697,-51.0970067,8da90e889813abf,8aa90e889817fff,88a90e8899fffff,85a90e8bfffffff,False,1
1431340900034,-29.688275,-51.085339,8da90e88940207f,8aa90e889407fff,88a90e8895fffff,85a90e8bfffffff,False,1
1431340900035,-29.6896495,-51.0829378,8da90e889583aff,8aa90e889587fff,88a90e8895fffff,85a90e8bfffffff,False,1
1431340900036,-29.6918365,-51.0933139,8da90e8891162bf,8aa90e889117fff,88a90e8891fffff,85a90e8bfffffff,False,1
1431340900037,-29.6860397,-51.0797486,8da90e88b84027f,8aa90e88b847fff,88a90e88b9fffff,85a90e8bfffffff,False,1
1431340900038,-29.6825271,-51.129548,8da90e8f34ecaff,8aa90e8f34effff,88a90e8f35fffff,85a90e8ffffffff,False,1
1431340900040,-29.8102521,-51.0658306,8da90e8a4a0603f,8aa90e8a4a07fff,88a90e8a4bfffff,85a90e9bfffffff,False,1
1431405000001,-29.6924518,-50.8766816,8da90ec40c080bf,8aa90ec40c0ffff,88a90ec40dfffff,85a90ec7fffffff,False,1
1431405000002,-29.6565278,-50.8891797,8da90ec4e59c6ff,8aa90ec4e59ffff,88a90ec4e5fffff,85a90ec7fffffff,False,1
1431405000003,-29.6588717,-50.8121367,8da90ec5371353f,8aa90ec53717fff,88a90ec537fffff,85a90ec7fffffff,False,1
1431405000004,-29.6529619,-50.8333953,8da90ec5e19313f,8aa90ec5e197fff,88a90ec5e1fffff,85a90ec7fffffff,False,1
1431405000005,-29.6214487,-50.8437576,8da90ec5b5924ff,8aa90ec5b597fff,88a90ec5b5fffff,85a90e1bfffffff,False,1
1431405000006,-29.6176904,-50.8211688,8da90ece92033bf,8aa90ece9207fff,88a90ece93fffff,85a90ecffffffff,False,1
1431405000007,-29.6313828,-50.8287939,8da90ec5a42a2ff,8aa90ec5a42ffff,88a90ec5a5fffff,85a90ec7fffffff,False,1
1431405000008,-29.6352155,-50.8430079,8da90ec5aba26bf,8aa90ec5aba7fff,88a90ec5abfffff,85a90ec7fffffff,False,1
1431405000009,-29.6351542,-50.8074079,8da90ece8a6ec7f,8aa90ece8a6ffff,88a90ece8bfffff,85a90ecffffffff,False,1
1431405000010,-29.6366421,-50.8223276,8da90eced20a03f,8aa90eced20ffff,88a90eced3fffff,85a90ec7fffffff,False,1
1431480300001,-29.61776,-51.2584975,8da90ebb219197f,8aa90ebb2197fff,88a90ebb21fffff,85a90ebbfffffff,False,1
1431480300002,-29.6812289,-51.2221619,8da90e8ee100c3f,8aa90e8ee107fff,88a90e8ee1fffff,85a90e8ffffffff,False,1
1431480300003,-29.6866685,-51.2572303,8da90e8536969bf,8aa90e853697fff,88a90e8ecbfffff,85a90e87fffffff,False,1
1431480300004,-29.7288751,-51.2264583,8da90e80b29e8ff,8aa90e80b29ffff,88a90e80b3fffff,85a90e83fffffff,False,1
1431480300005,-29.6985483,-51.2408903,8da90e85261c87f,8aa90e85261ffff,88a90e8527fffff,85a90e8ffffffff,False,1
1431480300006,-29.700256,-51.247262,8da90e852399d3f,8aa90e85239ffff,88a90e8523fffff,85a90e8ffffffff,False,1
1431480300007,-29.6552436,-51.2523456,8da90e8e95886bf,8aa90e8e958ffff,88a90e8e95fffff,85a90e8ffffffff,False,1
1431480300008,-29.7066647,-51.2283998,8da90e8e1970d3f,8aa90e8e1977fff,88a90e8e19fffff,85a90e8ffffffff,False,1
1431490200001,-30.1658729,-51.1018321,8da90176ea1d73f,8aa90176ea1ffff,88a90176ebfffff,85a90177fffffff,False,1
1431490200002,-30.1488001,-51.1071295,8da90176879d4ff,8aa90176879ffff,88a9017687fffff,85a90177fffffff,False,1
1431490200003,-30.1599651,-51.1742249,8da90139819c0bf,8aa90139819ffff,88a9013981fffff,85a9013bfffffff,False,1
1431490200004,-30.1701828,-51.0861125,8da90176ecf033f,8aa90176ecf7fff,88a90176edfffff,85a90177fffffff,False,1
1431490200005,-30.1622847,-51.1961197,8da90139d70367f,8aa90139d71ffff,88a90139d7fffff,85a9013bfffffff,False,1
1431490200006,-30.1479336,-51.1928918,8da90139954567f,8aa901399547fff,88a9013995fffff,85a9013bfffffff,False,1
1431490200007,-30.1354818,-51.2266322,8da9012a4aa847f,8aa9012a4aaffff,88a9012a4bfffff,85a9013bfffffff,False,1
1431490200008,-30.1146511,-51.2524535,8da90121250e83f,8aa90121250ffff,88a9012125fffff,85a9012bfffffff,False,1
1431490200009,-30.0824908,-51.1967779,8da90128474b67f,8aa901284667fff,88a9012847fffff,85a9012bfffffff,False,1
1431490200010,-30.1219825,-51.1781953,8da9012b5173dbf,8aa9012b5177fff,88a9012b51fffff,85a9012bfffffff,False,1
1431490200011,-30.1147887,-51.1646239,8da9012b0b0877f,8aa9012b0b0ffff,88a9012b0bfffff,85a9012bfffffff,False,1
1431490200012,-30.113133,-51.1938926,8da9012a2c404bf,8aa9012a2c47fff,88a9012a2dfffff,85a9012bfffffff,False,1
1431490200013,-30.1650014,-51.2284325,8da9013885b283f,8aa9013885b7fff,88a90138e3fffff,85a9013bfffffff,False,1
1431490200014,-30.1698308,-51.1414612,8da90176d9434ff,8aa90176d947fff,88a90176d9fffff,85a9013bfffffff,False,1
1431490200015,-30.1153984,-51.2196514,8da9012a000bb7f,8aa9012a000ffff,88a9012a01fffff,85a9012bfffffff,False,1
1431490200016,-30.1558871,-51.1541009,8da90139ac6e8bf,8aa90139ac6ffff,88a90139adfffff,85a9013bfffffff,False,1
1431490200017,-30.1426488,-51.1428813,8da901769a1aaff,8aa901769a1ffff,88a901769bfffff,85a90177fffffff,False,1
1431490200018,-30.154244,-51.145703,8da90139a53647f,8aa90139a537fff,88a90139a5fffff,85a9013bfffffff,False,1
1431490200019,-30.1584139,-51.1403086,8da90176d31e77f,8aa90176d31ffff,88a90176d3fffff,85a9013bfffffff,False,1
1431490200020,-30.1391872,-51.1565358,8da9012b498817f,8aa9012b498ffff,88a9012b49fffff,85a9012bfffffff,False,1
1431490200021,-30.127077,-51.2360737,8da9012a51b623f,8aa9012a51b7fff,88a9012a5dfffff,85a9012bfffffff,False,1
1431490200022,-30.1686573,-51.1840251,8da90139c2dd53f,8aa90139c2dffff,88a90139c3fffff,85a9013bfffffff,False,1
1431490200023,-30.1529485,-51.2028334,8da90139980b97f,8aa90139980ffff,88a9013999fffff,85a9013bfffffff,False,1
1431490200024,-30.1588031,-51.2189576,8da90138a132c7f,8aa90138a137fff,88a90138a1fffff,85a9013bfffffff,True,2
1431490200025,-30.1595532,-51.2269326,8da90138a84e3bf,8aa90138a84ffff,88a90138a9fffff,85a9013bfffffff,False,1
1431490200026,-30.1525115,-51.2174349,8da90138a7209bf,8aa90138a727fff,88a90138a1fffff,85a9013bfffffff,False,1
1431490200027,-30.1619347,-51.142086,8da90176daaa57f,8aa90176daaffff,88a90176dbfffff,85a9013bfffffff,False,1
1431490200028,-30.152742,-51.1678205,8da90139ab42d7f,8aa90139ab47fff,88a90139abfffff,85a9013bfffffff,False,1
1431490200029,-30.1482684,-51.2139923,8da90138a6a2aff,8aa90138a6a7fff,88a90138a7fffff,85a9013bfffffff,False,1
1431490200030,-30.127042,-51.2247099,8da9012a42c213f,8aa9012a42c7fff,88a9012a43fffff,85a9012bfffffff,False,1
1431490200032,-30.0971863,-51.2574406,8da9012acc5d3bf,8aa9012acc5ffff,88a9012acdfffff,85a9012bfffffff,False,1
1431490200033,-30.1000111,-51.2554518,8da9012acc2eabf,8aa9012acc2ffff,88a9012acdfffff,85a9012bfffffff,False,1
1431490200034,-30.1202671,-51.2579633,8da901212d4623f,8aa901212d47fff,88a901212dfffff,85a90123fffffff,False,1
1431490200035,-30.1206207,-51.253814,8da901212da9cbf,8aa901212daffff,88a901212dfffff,85a9012bfffffff,False,1
1431490200036,-30.1221578,-51.2236542,8da9012a085493f,8aa9012a0877fff,88a9012a09fffff,85a9012bfffffff,False,1
1431490200037,-30.1054765,-51.243872,8da9012a114d3bf,8aa9012a114ffff,88a9012a11fffff,85a9012bfffffff,False,1
1431490200038,-30.1056764,-51.2442909,8da9012a1ab607f,8aa9012a1ab7fff,88a9012a1bfffff,85a9012bfffffff,False,1
1431490200039,-30.1082177,-51.235754,8da9012a11b497f,8aa9012a1c5ffff,88a9012a1dfffff,85a9012bfffffff,False,1
1431490200040,-30.1165676,-51.2294053,8da9012a0a7663f,8aa9012a0a77fff,88a9012a0bfffff,85a9012bfffffff,False,1
1431490200041,-30.1050003,-51.2409219,8da9012a10295bf,8aa9012a102ffff,88a9012a11fffff,85a9012bfffffff,False,1
1431490200042,-30.0276559,-51.1360214,8da90166daa623f,8aa90166daa7fff,88a90166dbfffff,85a9012bfffffff,False,1
1431490200043,-30.0250042,-51.1330562,8da90166d04ed3f,8aa90166d047fff,88a90166d1fffff,85a9012bfffffff,False,1
1431490200044,-30.1332077,-51.2152515,8da9012a47347bf,8aa9012a4737fff,88a9012a47fffff,85a9012bfffffff,False,1
1431490200045,-30.1277338,-51.2161532,8da9012a46e6abf,8aa9012a46e7fff,88a9012a47fffff,85a9012bfffffff,False,1
1431490200046,-30.1307033,-51.214921,8da9012a47a93bf,8aa9012a47affff,88a9012a47fffff,85a9012bfffffff,False,1
1431490200047,-30.1141189,-51.2059264,8da9012a04989bf,8aa9012a049ffff,88a9012a05fffff,85a9012bfffffff,True,2
1431490200048,-30.1178679,-51.2225111,8da9012a016e6ff,8aa9012a016ffff,88a9012a01fffff,85a9012bfffffff,False,1
1431490200049,-30.1258683,-51.2047992,8da9012a632533f,8aa9012a6327fff,88a9012a6bfffff,85a9012bfffffff,False,1
1431490200050,-30.1201098,-51.2017486,8da9012a628d63f,8aa9012a628ffff,88a9012a63fffff,85a9012bfffffff,False,1
1431490200051,-30.1186939,-51.2047607,8da9012a62cd8bf,8aa9012a62cffff,88a9012a63fffff,85a9012bfffffff,False,1
1431490200052,-30.1180768,-51.1898761,8da9012a2d14d3f,8aa9012a2d17fff,88a9012a2dfffff,85a9012bfffffff,False,1
1431490200053,-30.1236994,-51.2014002,8da9012a63aacff,8aa9012a63affff,88a9012a63fffff,85a9012bfffffff,False,1
1431490200054,-30.1276492,-51.2119923,8da9012a469ed3f,8aa9012a4697fff,88a9012a47fffff,85a9012bfffffff,False,1
1431490200055,-30.1392536,-51.2171893,8da9012a4c4bdbf,8aa9012a4c4ffff,88a9012a41fffff,85a9013bfffffff,False,1
1431490200056,-30.134176,-51.2096522,8da9012a441bd3f,8aa9012a441ffff,88a9012a45fffff,85a9012bfffffff,False,1
1431490200057,-30.0146137,-51.1340448,8da90166982d0ff,8aa90166982ffff,88a9016699fffff,85a90167fffffff,False,1
1431490200058,-30.071371,-51.1993655,8da90128016e67f,8aa90128016ffff,88a9012801fffff,85a9012bfffffff,False,1
1431490200059,-30.0981756,-51.2503686,8da9012acc9173f,8aa9012acc97fff,88a9012acdfffff,85a9012bfffffff,False,1
1431490200060,-30.0822192,-51.2434529,8da9012ae3115bf,8aa9012ae317fff,88a9012ae3fffff,85a9012bfffffff,False,1
1431490200061,-30.1123441,-51.1551514,8da9012b002a5bf,8aa9012b0007fff,88a9012b01fffff,85a9012bfffffff,False,1
1431490200062,-30.0952521,-51.164677,8da9012b3b549bf,8aa9012b3b57fff,88a9012b3bfffff,85a9012bfffffff,False,1
1431490200063,-30.0985172,-51.2436998,8da9012a12acb3f,8aa9012a12affff,88a9012a13fffff,85a9012bfffffff,False,1
1431490200064,-30.0941726,-51.2418945,8da9012ae919c3f,8aa9012ae91ffff,88a9012ae9fffff,85a9012bfffffff,False,1
1431490200065,-30.0938345,-51.2396579,8da9012ae981a7f,8aa9012ae987fff,88a9012ae9fffff,85a9012bfffffff,False,1
1431490200066,-30.1191858,-51.2322803,8da9012a579233f,8aa9012a5797fff,88a9012a57fffff,85a9012bfffffff,False,1
1431490200067,-30.0413528,-51.2220914,8da90128eb818ff,8aa90128eb87fff,88a90128ebfffff,85a9012bfffffff,False,1
1431490200068,-29.9845899,-51.1996953,8da90e926253c7f,8aa90e926257fff,88a90e9263fffff,85a90e93fffffff,False,1
1431490200069,-30.0164786,-51.2133008,8da90128a72d93f,8aa90128a0d7fff,88a90128a1fffff,85a9012bfffffff,False,1
1431490200070,-29.9769901,-51.2277824,8da90e921d1b2bf,8aa90e921d1ffff,88a90e921dfffff,85a90e93fffffff,False,1
1431490200071,-30.0244049,-51.2587884,8da9012899ab83f,8aa9012899affff,88a9012899fffff,85a9012bfffffff,False,1
1431490200072,-30.0285681,-51.2164185,8da90128a9ac3bf,8aa90128a9affff,88a90128a9fffff,85a9012bfffffff,False,1
1431490200073,-29.9788651,-51.1926054,8da90e9228aa8bf,8aa90e9228affff,88a90e9229fffff,85a90e93fffffff,False,1
1431490200074,-29.981002,-51.1952074,8da90e922820c7f,8aa90e922827fff,88a90e9229fffff,85a90e93fffffff,False,1
1431490200075,-29.9912306,-51.199648,8da90e926a8993f,8aa90e926a8ffff,88a90e926bfffff,85a90e93fffffff,False,1
1431490200076,-29.9975913,-51.2012424,8da90e92449b83f,8aa90e92449ffff,88a90e9245fffff,85a90e93fffffff,False,1
1431490200077,-29.973471,-51.1656553,8da90e931d72dbf,8aa90e931d77fff,88a90e931dfffff,85a90e93fffffff,False,1
1431490200078,-30.091251,-51.237001,8da9012ae892d3f,8aa9012ae897fff,88a9012aedfffff,85a9012bfffffff,False,1
1431490200079,-29.9963004,-51.1467858,8da90e9340a60ff,8aa90e9340a7fff,88a90e9341fffff,85a90e93fffffff,False,1
1431490200080,-30.0090796,-51.0972383,8da90166aae91bf,8aa90166aaeffff,88a90166abfffff,85a90167fffffff,False,1
1431490200081,-30.0086966,-51.106033,8da9016686c907f,8aa9016686cffff,88a9016687fffff,85a90167fffffff,False,1
1431490200082,-30.0862782,-51.234679,8da9012ae19a73f,8aa9012ae19ffff,88a9012ae1fffff,85a9012bfffffff,False,1
1431490200083,-30.0051167,-51.1148925,8da90166b868d7f,8aa90166b86ffff,88a90166b9fffff,85a90167fffffff,False,1
1431490200084,-30.0072575,-51.1128604,8da90166b95173f,8aa90166b957fff,88a90166b9fffff,85a90167fffffff,False,1
1431490200085,-30.0842906,-51.2389176,8da9012ae0e47bf,8aa9012ae0e7fff,88a9012ae1fffff,85a9012bfffffff,False,1
1431490200086,-30.0812821,-51.2398197,8da9012ae39283f,8aa9012ae397fff,88a9012ae3fffff,85a9012bfffffff,False,1
1431490200087,-30.0137274,-51.0943161,8da90166abad7bf,8aa90166abaffff,88a90166abfffff,85a90167fffffff,False,1
1431490200088,-30.0169156,-51.1012921,8da90166845527f,8aa901668457fff,88a9016685fffff,85a90167fffffff,False,1
1431490200089,-30.0222988,-51.1025948,8da901668cc11bf,8aa901668cc7fff,88a901668dfffff,85a90167fffffff,False,1
1431490200090,-30.140826,-51.2089561,8da9012a4c9053f,8aa9012a4c97fff,88a9013993fffff,85a9013bfffffff,False,1
1431490200091,-30.0102428,-51.1225395,8da901669cd8d7f,8aa901669cdffff,88a901669dfffff,85a90167fffffff,False,1
1431490200092,-30.0238764,-51.0880685,8da90166e74baff,8aa90166e74ffff,88a90166e7fffff,85a90167fffffff,False,1
1431490200093,-30.0904406,-51.2305893,8da9012aec8c9bf,8aa9012aecaffff,88a9012aedfffff,85a9012bfffffff,False,1
1431490200094,-30.0784789,-51.2367172,8da9012ae60dabf,8aa9012ae60ffff,88a9012ae7fffff,85a9012bfffffff,False,1
1431490200095,-30.0822869,-51.2304002,8da9012ae4ea37f,8aa9012ae4effff,88a9012ae5fffff,85a9012bfffffff,False,1
1431490200096,-30.0787359,-51.2384403,8da9012ae66617f,8aa9012ae667fff,88a9012ae7fffff,85a9012bfffffff,False,1
1431490200097,-30.0689274,-51.2289599,8da9012aa50423f,8aa9012aa507fff,88a9012aa5fffff,85a9012bfffffff,False,1
1431490200098,-30.083881,-51.2261069,8da9012ae48233f,8aa9012ae487fff,88a9012ae5fffff,85a9012bfffffff,False,1
1431490200099,-30.0007041,-51.2205543,8da90e924aa387f,8aa90e924aa7fff,88a90e924bfffff,85a9012bfffffff,False,1
1431490200100,-30.0196915,-51.1142776,8da901668aa29bf,8aa901668aa7fff,88a901668bfffff,85a90167fffffff,False,1
1431490200101,-30.0053373,-51.1281326,8da9016690f323f,8aa9016690f7fff,88a9016691fffff,85a90167fffffff,False,1
1431490200102,-30.004609,-51.1329722,8da9016693164bf,8aa901669317fff,88a9016693fffff,85a90167fffffff,False,1
1431490200103,-30.0783603,-51.2348475,8da9012ae6189bf,8aa9012ae61ffff,88a9012ae7fffff,85a9012bfffffff,False,1
1431490200104,-30.0747041,-51.2294369,8da9012aada30bf,8aa9012aada7fff,88a9012aadfffff,85a9012bfffffff,False,1
1431490200105,-30.0682854,-51.1751499,8da9012828ac53f,8aa9012828affff,88a9012829fffff,85a9012bfffffff,False,1
1431490200106,-30.0695852,-51.2219881,8da9012852f307f,8aa9012852f7fff,88a9012853fffff,85a9012bfffffff,False,1
1431490200107,-30.0770649,-51.2185478,8da90128507253f,8aa901285077fff,88a9012851fffff,85a9012bfffffff,False,1
1431490200108,-30.0789049,-51.2158246,8da9012850362bf,8aa901285037fff,88a9012851fffff,85a9012bfffffff,False,1
1431490200109,-30.004965,-51.1521359,8da90e93491e43f,8aa90e93491ffff,88a90e9349fffff,85a90e93fffffff,False,1
1431490200110,-30.0733366,-51.2289545,8da9012aad9d0bf,8aa9012aad9ffff,88a9012aadfffff,85a9012bfffffff,False,1
1431490200111,-30.0086193,-51.1396054,8da901669a2897f,8aa901669a2ffff,88a901669bfffff,85a90167fffffff,False,1
1431490200112,-30.0109042,-51.1245198,8da901669ce95bf,8aa901669ceffff,88a901669dfffff,85a90167fffffff,False,1
1431490200113,-30.0261793,-51.1267933,8da90166d08093f,8aa90166d087fff,88a90166d1fffff,85a90167fffffff,False,1
1431490200114,-30.0225236,-51.1286951,8da90166d77013f,8aa90166d777fff,88a90166d7fffff,85a90167fffffff,False,1
1431490200115,-30.0430404,-51.1327987,8da9012933b54bf,8aa9012933b7fff,88a9012933fffff,85a9012bfffffff,False,1
1431490200116,-30.0459569,-51.1300895,8da90129301c13f,8aa90129301ffff,88a9012931fffff,85a9012bfffffff,False,1
1431490200117,-30.0394471,-51.1268123,8da90129361c9bf,8aa901293607fff,88a9012937fffff,85a9012bfffffff,False,1
1431490200118,-30.0328851,-51.1897859,8da90129d191dbf,8aa90129d197fff,88a90129d1fffff,85a9012bfffffff,False,1
1431490200119,-30.0650514,-51.1944166,8da90128077317f,8aa901280777fff,88a9012807fffff,85a9012bfffffff,False,1
1431490200120,-30.0780544,-51.2288443,8da901285a7583f,8aa901285a77fff,88a901285bfffff,85a9012bfffffff,False,1
1431490200121,-30.0723219,-51.2220181,8da9012852330ff,8aa901285237fff,88a9012853fffff,85a9012bfffffff,False,1
1431490200122,-30.0655988,-51.2113493,8da901281c2567f,8aa901281c27fff,88a901281dfffff,85a9012bfffffff,False,1
1431490200123,-30.0726432,-51.1727198,8da9012866eca7f,8aa9012866effff,88a9012867fffff,85a9012bfffffff,True,2
1431490200124,-30.0656622,-51.1829777,8da901282b00cff,8aa901282b07fff,88a901282bfffff,85a9012bfffffff,False,1
1431490200125,-30.0725241,-51.1680504,8da90128669973f,8aa90128669ffff,88a9012867fffff,85a9012bfffffff,False,1
1431490200126,-30.0784519,-51.1666556,8da9012864e89bf,8aa9012864effff,88a9012865fffff,85a9012bfffffff,False,1
1431490200127,-30.0702633,-51.1849727,8da90128043213f,8aa901280437fff,88a9012805fffff,85a9012bfffffff,False,1
1431490200128,-30.0647088,-51.1661347,8da90128252c2bf,8aa90128252ffff,88a9012825fffff,85a9012bfffffff,False,1
1431490200129,-30.0756206,-51.2013198,8da90128087177f,8aa901280877fff,88a9012809fffff,85a9012bfffffff,False,1
1431490200130,-30.0217435,-51.1900953,8da90129d6c233f,8aa90129d6c7fff,88a90129d7fffff,85a9012bfffffff,False,1
1431490200131,-30.0462868,-51.2202906,8da90128e82c37f,8aa90128e82ffff,88a90128e9fffff,85a9012bfffffff,False,1
1431490200132,-30.0396393,-51.23421,8da90128c60a93f,8aa90128c60ffff,88a90128c7fffff,85a9012bfffffff,False,1
1431490200133,-30.0731543,-51.1801748,8da9012862c443f,8aa9012862c7fff,88a9012863fffff,85a9012bfffffff,False,1
1431490200134,-30.0453488,-51.2251305,8da90128c481d3f,8aa90128c487fff,88a90128c5fffff,85a9012bfffffff,False,1
1431490200135,-30.0814212,-51.1760121,8da90128602b97f,8aa90128602ffff,88a9012861fffff,85a9012bfffffff,False,1
1431490200136,-30.0694445,-51.1899466,8da90128054a27f,8aa90128054ffff,88a9012805fffff,85a9012bfffffff,False,1
1431490200137,-30.0755074,-51.1841807,8da90128634bcbf,8aa90128634ffff,88a9012863fffff,85a9012bfffffff,False,1
1431490200138,-30.0786717,-51.1919533,8da901280d7497f,8aa9012846dffff,88a901280dfffff,85a9012bfffffff,False,1
1431490200139,-30.0685387,-51.1934331,8da90128008cb7f,8aa90128008ffff,88a9012801fffff,85a9012bfffffff,False,1
1431490200140,-30.0665695,-51.1990007,8da9012803a1dbf,8aa9012803a7fff,88a9012803fffff,85a9012bfffffff,False,1
1431490200141,-30.0643894,-51.1967618,8da90128076943f,8aa90128076ffff,88a9012803fffff,85a9012bfffffff,False,1
1431490200142,-30.0639961,-51.1912003,8da901280633c7f,8aa901280637fff,88a9012807fffff,85a9012bfffffff,True,2
1431490200143,-30.0710529,-51.1947898,8da901280030b3f,8aa901280037fff,88a9012801fffff,85a9012bfffffff,False,1
1431490200144,-30.060438,-51.179161,8da901282a9a27f,8aa901282a9ffff,88a901282bfffff,85a9012bfffffff,False,1
1431490200145,-30.0618032,-51.15897,8da90129194177f,8aa901291947fff,88a9012919fffff,85a9012bfffffff,False,1
1431490200146,-30.0616948,-51.1596563,8da90129194cb7f,8aa90129194ffff,88a9012919fffff,85a9012bfffffff,False,1
1431490200147,-30.068603,-51.1540666,8da90129576c0ff,8aa90129576ffff,88a9012953fffff,85a9012bfffffff,False,1
1431490200148,-30.0650473,-51.1652083,8da9012825238bf,8aa901282527fff,88a9012825fffff,85a9012bfffffff,False,1
1431490200149,-30.0585648,-51.1507839,8da901291c694bf,8aa901291c6ffff,88a901291dfffff,85a9012bfffffff,False,1
1431490200150,-30.0497215,-51.1691795,8da90129cd5143f,8aa90129cd57fff,88a90129cdfffff,85a9012bfffffff,False,1
1431490200151,-30.0428771,-51.169756,8da90129c0a64ff,8aa90129c0a7fff,88a90129c1fffff,85a9012bfffffff,False,1
1431490200152,-30.0456257,-51.1845486,8da90129cb7097f,8aa90129cb77fff,88a90129cbfffff,85a9012bfffffff,False,1
1431490200153,-30.0442087,-51.1637043,8da90129c51d4bf,8aa90129c51ffff,88a90129c5fffff,85a9012bfffffff,False,1
1431490200154,-30.0449494,-51.1588251,8da9012912cc2bf,8aa9012912cffff,88a9012913fffff,85a9012bfffffff,False,1
1431490200155,-30.0452173,-51.1412691,8da901293a506bf,8aa901293a57fff,88a901293bfffff,85a9012bfffffff,True,2
1431490200156,-30.0222754,-51.1422841,8da90129ad8a07f,8aa90129ad8ffff,88a90129adfffff,85a9012bfffffff,False,1
1431490200157,-30.0177414,-51.1403148,8da90129a51017f,8aa90129a517fff,88a90129a5fffff,85a9012bfffffff,False,1
1431490200158,-30.0447365,-51.2095676,8da90128ec036ff,8aa90128ec1ffff,88a90128edfffff,85a9012bfffffff,False,1
1431490200159,-30.0385031,-51.1843573,8da90129dd9c43f,8aa90129dd9ffff,88a90129ddfffff,85a9012bfffffff,False,1
1431490200160,-30.0370268,-51.2154287,8da90128e0c483f,8aa90128e0c7fff,88a90128e1fffff,85a9012bfffffff,False,1
1431490200161,-30.0449982,-51.2018773,8da90128322893f,8aa90128322ffff,88a9012833fffff,85a9012bfffffff,False,1
1431490200162,-30.0156973,-51.1856853,8da901299cd4cff,8aa901299cd7fff,88a901299dfffff,85a9012bfffffff,False,1
1431490200163,-30.0066716,-51.1656465,8da90129bcdda3f,8aa90129bcdffff,88a90129bdfffff,85a9012bfffffff,False,1
1431490200164,-30.0071966,-51.1750764,8da90129b8ca9bf,8aa90129b8cffff,88a90129b9fffff,85a9012bfffffff,False,1
1431490200165,-30.0095953,-51.1570476,8da90129a20527f,8aa90129a207fff,88a90129a3fffff,85a9012bfffffff,False,1
1431490200166,-30.0188088,-51.1502977,8da90129a1069bf,8aa90129a107fff,88a90129a1fffff,85a9012bfffffff,False,1
1431490200167,-30.0315037,-51.1561273,8da90129e3102bf,8aa90129e317fff,88a90129e3fffff,85a9012bfffffff,False,1
1431490200168,-30.0352461,-51.1567276,8da90129eab023f,8aa90129eab7fff,88a90129ebfffff,85a9012bfffffff,False,1
1431490200169,-30.0307784,-51.148586,8da90129e70177f,8aa90129e707fff,88a90129e7fffff,85a9012bfffffff,False,1
1431490200170,-30.0381035,-51.1558185,8da90129e8cd73f,8aa90129e8cffff,88a90129e9fffff,85a9012bfffffff,False,1
1431490200171,-30.0376671,-51.157494,8da90129eb8457f,8aa90129eb87fff,88a90129ebfffff,85a9012bfffffff,False,1
1431490200172,-30.2130648,-51.1767314,8da901386700c3f,8aa901386707fff,88a9013867fffff,85a9013bfffffff,False,1
1431490200173,-30.0888634,-51.1811019,8da90128694333f,8aa901286947fff,88a9012869fffff,85a9012bfffffff,False,1
1431490200174,-30.0782252,-51.1878894,8da901280dac0bf,8aa901280daffff,88a901280dfffff,85a9012bfffffff,False,1
1431490200175,-30.0632814,-51.1417528,8da901290aeb3bf,8aa901290aeffff,88a901290bfffff,85a9012bfffffff,False,1
1431490200176,-30.0906511,-51.1883993,8da901284509d7f,8aa90128450ffff,88a9012845fffff,85a9012bfffffff,False,1
1431490200177,-30.0474547,-51.1759446,8da90129c8f1bbf,8aa90129c8f7fff,88a90129c9fffff,85a9012bfffffff,False,1
1431490200178,-30.048531,-51.1565333,8da9012912144ff,8aa901291217fff,88a9012913fffff,85a9012bfffffff,False,1
1431490200179,-30.0865141,-51.1924668,8da90128473547f,8aa901284737fff,88a9012847fffff,85a9012bfffffff,False,1
1431490200180,-30.0306825,-51.1572209,8da90129e319d7f,8aa90129e31ffff,88a90129e3fffff,85a9012bfffffff,False,1
1431490200181,-30.0798932,-51.2184182,8da90128510d77f,8aa90128510ffff,88a9012851fffff,85a9012bfffffff,False,1
1431490200182,-30.1781769,-51.2014799,8da90138366dd7f,8aa90138366ffff,88a9013837fffff,85a9013bfffffff,False,1
1431490200183,-30.0733035,-51.1724208,8da90128665663f,8aa901286657fff,88a9012867fffff,85a9012bfffffff,True,2
1431490200184,-30.0750677,-51.2328416,8da9012aad01b7f,8aa9012aad2ffff,88a9012aadfffff,85a9012bfffffff,False,1
1431490200185,-30.0659662,-51.2167758,8da90128198acbf,8aa90128198ffff,88a9012819fffff,85a9012bfffffff,False,1
1431490200186,-30.0188081,-51.1730666,8da90129876187f,8aa901298767fff,88a9012987fffff,85a9012bfffffff,False,1
1431490200187,-30.019026,-51.1168869,8da901668a1883f,8aa901668a1ffff,88a901668bfffff,85a90167fffffff,False,1
1431490200188,-30.085827,-51.2282877,8da9012ae4323bf,8aa9012ae437fff,88a9012ae5fffff,85a9012bfffffff,False,1
1431490200189,-30.0421807,-51.1583704,8da90129e94ea3f,8aa90129e94ffff,88a90129e9fffff,85a9012bfffffff,False,1
1431490200190,-30.0809154,-51.2226916,8da901285bb1cff,8aa901285bb7fff,88a901285bfffff,85a9012bfffffff,False,1
1431490200191,-30.0575278,-51.194729,8da9012838a653f,8aa9012838a7fff,88a9012839fffff,85a9012bfffffff,False,1
1431490200192,-30.0569458,-51.2044838,8da9012814853bf,8aa901281487fff,88a9012815fffff,85a9012bfffffff,False,1
1431490200193,-30.0506757,-51.2109241,8da9012816aa37f,8aa9012816affff,88a9012817fffff,85a9012bfffffff,False,1
1431490200194,-30.0573001,-51.1629531,8da901291b76cbf,8aa901291b2ffff,88a901291bfffff,85a9012bfffffff,False,1
1431490200195,-30.0425012,-51.1515885,8da90129e99d57f,8aa90129e99ffff,88a90129e9fffff,85a9012bfffffff,False,1
1431490200196,-29.9759611,-51.2262895,8da90e921c16c7f,8aa90e921c17fff,88a90e921dfffff,85a90e93fffffff,False,1
1431490200197,-30.0543928,-51.1465079,8da90129154e9bf,8aa90129154ffff,88a9012915fffff,85a9012bfffffff,False,1
1431490200198,-30.0603432,-51.1251497,8da90129078333f,8aa901290787fff,88a9012907fffff,85a9012bfffffff,False,1
1431490200199,-30.0329261,-51.2272401,8da901288c846bf,8aa901288c87fff,88a901288dfffff,85a9012bfffffff,False,1
1431490200200,-30.0106005,-51.2011204,8da901299af06bf,8aa901299af7fff,88a901299bfffff,85a9012bfffffff,False,1
1431490200201,-30.0361084,-51.1626441,8da90129eb5ecff,8aa90129eb5ffff,88a90129ebfffff,85a9012bfffffff,False,1
1431490200202,-30.0280716,-51.2105186,8da90128ad767bf,8aa90128ad77fff,88a90128adfffff,85a9012bfffffff,False,1
1431490200203,-30.0305761,-51.2130542,8da90128e6e1abf,8aa90128e6e7fff,88a90128e7fffff,85a9012bfffffff,False,1
1431490200204,-30.1455196,-51.1278685,8da901769cd843f,8aa901769cdffff,88a9017695fffff,85a90177fffffff,False,1
1431490200205,-30.1547071,-51.1330567,8da90176d60947f,8aa90176d60ffff,88a90176d7fffff,85a90177fffffff,False,1
1431490200206,-30.0262219,-51.2541953,8da90128d6c297f,8aa90128d6c7fff,88a90128d7fffff,85a9012bfffffff,False,1
1431490200207,-30.0336489,-51.2129984,8da90128e62573f,8aa90128e627fff,88a90128e7fffff,85a9012bfffffff,False,1
1431490200208,-30.0528307,-51.2137245,8da901281621d3f,8aa901281627fff,88a9012817fffff,85a9012bfffffff,False,1
1431490200209,-30.0346065,-51.1717745,8da90129c6550ff,8aa90129c657fff,88a90129c7fffff,85a9012bfffffff,False,1
1431490200210,-30.0241659,-51.2025575,8da90129d244cff,8aa90129d247fff,88a90129d3fffff,85a9012bfffffff,False,1
1431490200211,-30.027704,-51.1903423,8da90129d706abf,8aa90129d707fff,88a90129d7fffff,85a9012bfffffff,False,1
1431490200212,-30.0475796,-51.2329563,8da90128c569b3f,8aa90128c56ffff,88a90128c1fffff,85a9012bfffffff,False,1
1431490200213,-30.0365028,-51.2023012,8da90128e49a13f,8aa90128e49ffff,88a90128e5fffff,85a9012bfffffff,True,2
1431490200214,-30.0333557,-51.2008458,8da90129dbaa6ff,8aa90129dbaffff,88a90129dbfffff,85a9012bfffffff,False,1
1431490200215,-30.0527898,-51.2234708,8da90128122883f,8aa90128122ffff,88a9012813fffff,85a9012bfffffff,False,1
1431490200216,-30.0548713,-51.2231248,8da90128130c17f,8aa90128130ffff,88a9012813fffff,85a9012bfffffff,False,1
1431490200217,-30.0202441,-51.203752,8da90128a58d1bf,8aa90128a58ffff,88a90128a5fffff,85a9012bfffffff,False,1
1431490200218,-30.0153055,-51.2095284,8da90128a7ac4ff,8aa90128a7affff,88a90128a7fffff,85a9012bfffffff,False,1
1431490200219,-30.0500873,-51.1977049,8da90128306293f,8aa901283067fff,88a9012831fffff,85a9012bfffffff,False,1
1431490200220,-30.0467754,-51.2058831,8da90128ed9197f,8aa90128ed97fff,88a90128edfffff,85a9012bfffffff,True,2
1431490200221,-30.0227152,-51.1768426,8da901298a93d3f,8aa901298a97fff,88a9012981fffff,85a9012bfffffff,False,1
1431490200222,-30.0414717,-51.2018441,8da9012832eb27f,8aa9012832effff,88a9012833fffff,85a9012bfffffff,False,1
1431490200223,-30.0527278,-51.1837289,8da901283512cff,8aa901283517fff,88a9012835fffff,85a9012bfffffff,False,1
1431490200224,-30.051559,-51.174342,8da90129c9aebbf,8aa90129c9affff,88a90129c9fffff,85a9012bfffffff,False,1
1431490200225,-30.0183791,-51.2540745,8da901289184c7f,8aa901289187fff,88a9012891fffff,85a9012bfffffff,False,1
1431490200226,-29.984563,-51.1865783,8da90e92668cdbf,8aa90e92668ffff,88a90e9267fffff,85a90e93fffffff,False,1
1431490200227,-29.9815903,-51.1887642,8da90e922d660ff,8aa90e922d67fff,88a90e922dfffff,85a90e93fffffff,False,1
1431490200228,-29.9886321,-51.188391,8da90e9267025bf,8aa90e926717fff,88a90e9267fffff,85a90e93fffffff,False,1
1431490200229,-30.169488,-51.2210975,8da90138e76363f,8aa90138e747fff,88a90138e7fffff,85a9013bfffffff,False,1
1431490200230,-29.999098,-51.160921,8da90e934b76abf,8aa90e934b77fff,88a90e934bfffff,85a90e93fffffff,False,1
1431490200231,-30.0021256,-51.1588656,8da90129b48223f,8aa90129b487fff,88a90129b5fffff,85a90e93fffffff,False,1
1431490200232,-30.0151674,-51.1699162,8da9012986e5aff,8aa9012986e7fff,88a9012987fffff,85a9012bfffffff,False,1
1431490200233,-30.1776855,-51.1745492,8da90139c0b38bf,8aa90139c0b7fff,88a90139c1fffff,85a9013bfffffff,False,1
1431490200234,-30.0225465,-51.1674132,8da90129809603f,8aa901298097fff,88a9012985fffff,85a9012bfffffff,False,1
1431490200235,-30.0262483,-51.1559348,8da90129e2d097f,8aa90129e2d7fff,88a90129e3fffff,85a9012bfffffff,False,1
1431490200236,-30.0263399,-51.1592182,8da90129e25ad7f,8aa90129e25ffff,88a90129e3fffff,85a9012bfffffff,False,1
1431490200237,-30.0042982,-51.143806,8da90e934d1d5bf,8aa90e934d1ffff,88a90e934dfffff,85a90e93fffffff,False,1
1431490200238,-30.0121395,-51.1899073,8da9012990a6cff,8aa9012990a7fff,88a9012991fffff,85a9012bfffffff,False,1
1431490200239,-29.9923706,-51.1551614,8da90e93431c4ff,8aa90e93431ffff,88a90e9343fffff,85a90e93fffffff,False,1
1431490200240,-30.0007261,-51.1786465,8da90129b32bd7f,8aa90129b32ffff,88a90129b3fffff,85a90e93fffffff,True,2
1431490200241,-30.0534266,-51.1586394,8da901291a8167f,8aa901291a87fff,88a901291bfffff,85a9012bfffffff,False,1
1431490200242,-30.0495398,-51.1655886,8da90129cd89bbf,8aa90129cd8ffff,88a90129cdfffff,85a9012bfffffff,False,1
1431490200243,-30.0353245,-51.1528811,8da90129e02c27f,8aa90129e02ffff,88a90129e1fffff,85a9012bfffffff,False,1
1431490200244,-30.0356379,-51.146039,8da90129e545a7f,8aa90129e56ffff,88a90129e5fffff,85a9012bfffffff,False,1
1431490200245,-30.0359882,-51.1424995,8da90129e519a3f,8aa90129e51ffff,88a90129e5fffff,85a9012bfffffff,True,2
1431490200246,-30.040619,-51.1390972,8da90129335817f,8aa90129335ffff,88a9012933fffff,85a9012bfffffff,False,1
1431490200247,-30.0400614,-51.1476909,8da90129ec739bf,8aa90129ec77fff,88a90129edfffff,85a9012bfffffff,False,1
1431490200248,-30.1513654,-51.2087684,8da901399b212bf,8aa901399b27fff,88a901399bfffff,85a9013bfffffff,False,1
1431490200249,-30.1577822,-51.2182158,8da90138a1a197f,8aa90138a1a7fff,88a90138a1fffff,85a9013bfffffff,False,1
1431490200250,-30.1584927,-51.1651916,8da90139859b3bf,8aa90139859ffff,88a9013985fffff,85a9013bfffffff,False,1
1431490200251,-30.1477147,-51.2204719,8da90138a6615bf,8aa90138a667fff,88a90138a7fffff,85a9013bfffffff,False,1
1431490200252,-29.975831,-51.1883262,8da90e9221b537f,8aa90e9221b7fff,88a90e9221fffff,85a90e93fffffff,False,1
1431490200253,-30.0860643,-51.1257287,8da90129454683f,8aa901294547fff,88a9012945fffff,85a9012bfffffff,False,1
1431490200254,-30.0863316,-51.1176053,8da90129696437f,8aa901296967fff,88a9012969fffff,85a9012bfffffff,False,1
1431490200255,-30.0893065,-51.1240894,8da901294c888ff,8aa901294c8ffff,88a901294dfffff,85a9012bfffffff,False,1
1431490200256,-30.0435352,-51.1074448,8da90166cc6c17f,8aa90166cc6ffff,88a90166cdfffff,85a90167fffffff,False,1
1431490200257,-30.0811347,-51.1426159,8da901295d92a7f,8aa901295d97fff,88a901295dfffff,85a9012bfffffff,False,1
1431490200258,-30.1457481,-51.0949799,8da90176a06267f,8aa90176a067fff,88a90176a1fffff,85a90177fffffff,False,1
1431490200259,-30.1191137,-51.1102747,8da90174dc4ba7f,8aa90174dc4ffff,88a90174d1fffff,85a90177fffffff,True,2
1431490200260,-30.0992823,-51.1189226,8da901749bac23f,8aa901749baffff,88a901749bfffff,85a9012bfffffff,False,1
1431490200261,-30.1177385,-51.1029439,8da90174d5030bf,8aa90174d507fff,88a90174d5fffff,85a90177fffffff,False,1
1431490200262,-30.1152702,-51.1360491,8da9012b629b33f,8aa9012b629ffff,88a9012b63fffff,85a9012bfffffff,True,2
1431490200263,-30.0952381,-51.1382045,8da9012b22dc13f,8aa9012b22dffff,88a9012b23fffff,85a9012bfffffff,False,1
1431490200264,-30.1216516,-51.1160898,8da90174d8087bf,8aa90174d80ffff,88a90174d9fffff,85a90177fffffff,False,1
1431490200265,-29.9987362,-51.1009354,8da90166b47587f,8aa90166b477fff,88a90166b5fffff,85a90167fffffff,False,1
1431490200266,-30.2085857,-51.1615469,8da9013950668ff,8aa901395067fff,88a9013951fffff,85a9013bfffffff,False,1
1431490200267,-29.9845287,-51.1157921,8da90164db2263f,8aa90164db27fff,88a90164dbfffff,85a90167fffffff,False,1
1431490200268,-29.9879105,-51.092043,8da90164c30e63f,8aa90164c30ffff,88a90164c3fffff,85a90167fffffff,False,1
1431490200269,-30.1855803,-51.2166127,8da90138168d8bf,8aa90138168ffff,88a9013817fffff,85a9013bfffffff,False,1
1431490200270,-29.9945042,-51.1091711,8da90166b39adbf,8aa90166b39ffff,88a90166b3fffff,85a90167fffffff,False,1
1431490200271,-30.003014,-51.1140991,8da90166bba007f,8aa90166bba7fff,88a90166bbfffff,85a90167fffffff,False,1
1431490200272,-30.1284391,-51.2435874,8da9012a58c0b3f,8aa9012a58c7fff,88a9012a59fffff,85a9012bfffffff,False,1
1431490200273,-29.9998895,-51.1022505,8da90166b54cabf,8aa90166b54ffff,88a90166b5fffff,85a90167fffffff,False,1
1431490200274,-30.003363,-51.0925283,8da90166a2e2b7f,8aa90166a2e7fff,88a90166a3fffff,85a90167fffffff,False,1
1431490200275,-29.980969,-51.1181844,8da90164db5bcbf,8aa90164db5ffff,88a90164dbfffff,85a90167fffffff,False,1
1431490200276,-29.9899329,-51.1130822,8da90166b2d913f,8aa90166b2dffff,88a90164d9fffff,85a90167fffffff,False,1
1431490200277,-29.9875589,-51.1177739,8da90e93641077f,8aa90e936417fff,88a90e9365fffff,85a90167fffffff,False,1
1431490200278,-29.991902,-51.1211256,8da90e936cd433f,8aa90e936cd7fff,88a90e936dfffff,85a90167fffffff,False,1
1431490200279,-29.9878204,-51.1373428,8da90e936a1903f,8aa90e936a1ffff,88a90e936bfffff,85a90e93fffffff,False,1
1431490200280,-29.9896355,-51.1353079,8da90e936b882bf,8aa90e936b8ffff,88a90e936bfffff,85a90e93fffffff,False,1
1431490200281,-29.9846338,-51.1302775,8da90e9363b393f,8aa90e9363b7fff,88a90e9363fffff,85a90e93fffffff,False,1
1431490200282,-29.9968648,-51.119659,8da90e936da2a7f,8aa90e936da7fff,88a90e936dfffff,85a90167fffffff,False,1
1431490200283,-29.9960012,-51.1337911,8da90e93695183f,8aa90e936957fff,88a90e9369fffff,85a90167fffffff,False,1
1431490200284,-29.9736323,-51.1566531,8da90e930329d7f,8aa90e93032ffff,88a90e9303fffff,85a90e93fffffff,False,1
1431490200285,-30.0462479,-51.0954748,8da90166130d97f,8aa90166130ffff,88a9016613fffff,85a90167fffffff,False,1
1431490200286,-30.0281627,-51.0971099,8da90166eacccff,8aa90166eacffff,88a90166ebfffff,85a90167fffffff,False,1
1431490200287,-30.0220918,-51.0946694,8da90166e2ed47f,8aa90166e2effff,88a90166e3fffff,85a90167fffffff,False,1
1431490200288,-30.0396283,-51.0962134,8da90166c582dbf,8aa90166c587fff,88a90166c5fffff,85a90167fffffff,False,1
1431490200289,-30.0370791,-51.1088349,8da90166c0e613f,8aa90166c0e7fff,88a90166c1fffff,85a90167fffffff,False,1
1431490200290,-30.0385577,-51.1063075,8da90166c0a08bf,8aa90166c0a7fff,88a90166c1fffff,85a90167fffffff,True,2
1431490200291,-30.0298957,-51.1064404,8da90166c6e103f,8aa90166c6e7fff,88a90166c7fffff,85a90167fffffff,False,1
1431490200292,-30.0363002,-51.1171584,8da90166cad193f,8aa90166cad7fff,88a90166cbfffff,85a90167fffffff,True,2
1431490200293,-30.0302528,-51.1144187,8da90166c2f127f,8aa90166c2c7fff,88a90166c3fffff,85a90167fffffff,False,1
1431490200294,-30.1484599,-51.1546738,8da90139a0d477f,8aa90139a0d7fff,88a90139a1fffff,85a9013bfffffff,False,1
1431490200295,-30.148953,-51.1473542,8da90139a4e43bf,8aa90139a4e7fff,88a90139a5fffff,85a9013bfffffff,False,1
1431490200296,-30.1517273,-51.1390214,8da90176990d6bf,8aa90176990ffff,88a9017699fffff,85a90177fffffff,False,1
1431490200297,-30.1460149,-51.1345023,8da901769100c7f,8aa901769107fff,88a9017691fffff,85a90177fffffff,False,1
1431490200298,-30.1750858,-51.1624503,8da90139e851bbf,8aa90139e857fff,88a90139e9fffff,85a9013bfffffff,False,1
1431490200299,-30.1500247,-51.1305924,8da901769d515bf,8aa901769d57fff,88a901769dfffff,85a90177fffffff,False,1
1431490200300,-30.1836922,-51.1890643,8da90138348dcff,8aa90138348ffff,88a9013835fffff,85a9013bfffffff,False,1
1431490200301,-30.1600509,-51.1336933,8da90176d0d443f,8aa90176d0d7fff,88a90176d1fffff,85a90177fffffff,False,1
1431490200302,-30.0786473,-51.213172,8da90128519a9bf,8aa90128519ffff,88a9012851fffff,85a9012bfffffff,False,1
1431490200303,-30.0718838,-51.2099741,8da90128579abbf,8aa90128579ffff,88a9012857fffff,85a9012bfffffff,False,1
1431490200304,-30.0882182,-51.1986434,8da901284046d3f,8aa901284077fff,88a9012841fffff,85a9012bfffffff,False,1
1431490200305,-30.0841526,-51.2053179,8da901284343a3f,8aa901284347fff,88a9012843fffff,85a9012bfffffff,False,1
1431490200306,-30.0833267,-51.2015837,8da9012842028bf,8aa901284207fff,88a9012843fffff,85a9012bfffffff,False,1
1431490200307,-30.1120408,-51.2343931,8da9012a1c21c3f,8aa9012a1c27fff,88a9012a1dfffff,85a9012bfffffff,False,1
1431490200308,-30.11243,-51.2297436,8da9012a1d910ff,8aa9012a1d97fff,88a9012a1dfffff,85a9012bfffffff,False,1
1431490200309,-30.1138585,-51.2273345,8da9012a0adc33f,8aa9012a0adffff,88a9012a0bfffff,85a9012bfffffff,False,1
1431490200310,-30.103361,-51.2303475,8da9012a1419abf,8aa9012a141ffff,88a9012a15fffff,85a9012bfffffff,False,1
1431490200311,-30.1160635,-51.2267248,8da9012a0a1a47f,8aa9012a0a1ffff,88a9012a0bfffff,85a9012bfffffff,False,1
1431490200312,-30.1022373,-51.2257846,8da9012a3869c7f,8aa9012a386ffff,88a9012a39fffff,85a9012bfffffff,False,1
1431490200313,-30.1092439,-51.2238156,8da9012a021b57f,8aa9012a021ffff,88a9012a03fffff,85a9012bfffffff,False,1
1431490200314,-30.1331624,-51.1888062,8da9012a6c80d7f,8aa9012a6c87fff,88a9012a6dfffff,85a9012bfffffff,False,1
1431490200315,-30.128426,-51.2034189,8da9012a6ab567f,8aa9012a6ab7fff,88a9012a6bfffff,85a9012bfffffff,False,1
1431490200316,-30.0938864,-51.2233533,8da9012a330213f,8aa9012a3307fff,88a9012a33fffff,85a9012bfffffff,False,1
1431490200317,-30.1013832,-51.2185555,8da9012a3124abf,8aa9012a3127fff,88a9012a39fffff,85a9012bfffffff,False,1
1431490200318,-30.0871389,-51.2199518,8da90128590273f,8aa901285907fff,88a9012859fffff,85a9012bfffffff,False,1
1431490200319,-30.0850469,-51.2159919,8da901285d6913f,8aa901285d6ffff,88a9012859fffff,85a9012bfffffff,False,1
1431490200320,-30.0882286,-51.2146728,8da9012a36c5dbf,8aa9012a36c7fff,88a9012a37fffff,85a9012bfffffff,False,1
1431490200321,-30.0935811,-51.2065981,8da901284b21b7f,8aa901284b27fff,88a9012a35fffff,85a9012bfffffff,False,1
1431490200322,-30.2023993,-51.1843583,8da90138285007f,8aa901382857fff,88a9013829fffff,85a9013bfffffff,False,1
1431490200323,-30.0898745,-51.2059341,8da901284a01b3f,8aa901284a07fff,88a901284bfffff,85a9012bfffffff,False,1
1431490200324,-30.0880317,-51.2242522,8da9012a32cc57f,8aa9012a32cffff,88a9012a33fffff,85a9012bfffffff,False,1
1431490200325,-30.1276754,-51.2041625,8da9012a6a8547f,8aa9012a6a87fff,88a9012a6bfffff,85a9012bfffffff,False,1
1431490200326,-30.1923392,-51.0725211,8da9017607629bf,8aa901760767fff,88a9017607fffff,85a90177fffffff,False,1
1431490200327,-30.1960198,-51.107386,8da90139252cc7f,8aa90139252ffff,88a9013925fffff,85a90177fffffff,False,1
1431490200328,-30.2121511,-51.1229891,8da901396aaa83f,8aa901396aaffff,88a901396bfffff,85a9013bfffffff,False,1
1431490200329,-30.1980048,-51.1493178,8da901391da38bf,8aa901391da7fff,88a901391dfffff,85a9013bfffffff,False,1
1431490200330,-30.1930973,-51.1711324,8da9013824c957f,8aa9013824cffff,88a9013825fffff,85a9013bfffffff,False,1
1431490200331,-30.2225299,-51.0765231,8da90176480227f,8aa901764807fff,88a9017649fffff,85a9010ffffffff,False,1
1431490200332,-30.2401214,-51.1182894,8da9010c99a87bf,8aa9010c99affff,88a9010c99fffff,85a9010ffffffff,False,1
1431490200333,-30.236784,-51.145864,8da9013b232c27f,8aa9013b232ffff,88a9013b23fffff,85a9013bfffffff,False,1
1431490200334,-30.205419,-51.1699048,8da901382d8657f,8aa901382d87fff,88a901382dfffff,85a9013bfffffff,False,1
1431490200335,-30.0963464,-51.2342569,8da9012a168913f,8aa9012a168ffff,88a9012a17fffff,85a9012bfffffff,False,1
1431490200336,-30.097113,-51.2339469,8da9012a168c93f,8aa9012a16affff,88a9012a17fffff,85a9012bfffffff,False,1
1431600600001,-29.6368224,-50.5425114,8da90e53414b87f,8aa90e53414ffff,88a90e5341fffff,85a90e53fffffff,False,1
1431760800001,-29.8281266,-50.5250675,8da90ed9388a3bf,8aa90ed9388ffff,88a90ed939fffff,85a90edbfffffff,False,1
1431760800002,-29.8086008,-50.6272189,8da90ed88c5b87f,8aa90ed88c5ffff,88a90ed88dfffff,85a90edbfffffff,False,1
1431760800003,-29.9042581,-50.5393737,8da90edb6b750ff,8aa90edb6b77fff,88a90edb6bfffff,85a90edbfffffff,False,1
1431760800004,-29.8144061,-50.6226852,8da90ed88da597f,8aa90ed88da7fff,88a90ed88dfffff,85a90edbfffffff,False,1
1431840800001,-30.3018671,-51.9172803,8da92a6d8cb643f,8aa92a6d8cb7fff,88a92a6d8dfffff,85a92a6ffffffff,False,1
1431870500001,-29.6988884,-51.1786692,8da90e8e20d68bf,8aa90e8e20d7fff,88a90e8e21fffff,85a90e8ffffffff,False,1
1431870500002,-29.7092099,-51.1842046,8da90e8e2820d3f,8aa90e8e2827fff,88a90e8e29fffff,85a90e8ffffffff,False,1
1431870500003,-29.717084,-51.1874381,8da90e8e630337f,8aa90e8e6307fff,88a90e8e63fffff,85a90e8ffffffff,False,1
1431870500004,-29.7258749,-51.1833323,8da90e8e68f617f,8aa90e8e68f7fff,88a90e8e69fffff,85a90e8ffffffff,False,1
1431870500005,-29.7470922,-51.1748197,8da90e819c3243f,8aa90e819c37fff,88a90e819dfffff,85a90e83fffffff,False,1
1431870500006,-29.7188476,-51.1644688,8da90e8f580daff,8aa90e8f580ffff,88a90e8f59fffff,85a90e8ffffffff,False,1
1431870500007,-29.7175558,-51.1585128,8da90e8f5c6d0bf,8aa90e8f5c6ffff,88a90e8f5dfffff,85a90e8ffffffff,False,1
1431870500008,-29.7156436,-51.1631869,8da90e8f58ca6bf,8aa90e8f58cffff,88a90e8f59fffff,85a90e8ffffffff,False,1
1431870500009,-29.7222559,-51.1607757,8da90e8f59a0b7f,8aa90e8f59a7fff,88a90e8f59fffff,85a90e8ffffffff,False,1
1431870500010,-29.7319661,-51.1563277,8da90e81b0b2a3f,8aa90e81b0b7fff,88a90e81b1fffff,85a90e8ffffffff,False,1
1431870500011,-29.7379199,-51.1493578,8da90e81a3486ff,8aa90e81a34ffff,88a90e81a3fffff,85a90e83fffffff,False,1
1431870500012,-29.7405337,-51.1402077,8da90e81a0ceb7f,8aa90e81a0cffff,88a90e81a1fffff,85a90e83fffffff,False,1
1431870500013,-29.7482937,-51.1591189,8da90e81872eb3f,8aa90e81872ffff,88a90e8187fffff,85a90e83fffffff,False,1
1431870500015,-29.746949,-51.1609037,8da90e818771b7f,8aa90e818777fff,88a90e8187fffff,85a90e83fffffff,False,1
1431870500016,-29.7485519,-51.1676674,8da90e81830567f,8aa90e818307fff,88a90e8183fffff,85a90e83fffffff,False,1
1431870500017,-29.7637115,-51.1569728,8da90e81c6a89bf,8aa90e81c6affff,88a90e81c7fffff,85a90e83fffffff,False,1
1431870500019,-29.7678737,-51.1662307,8da90e81c312d7f,8aa90e81c317fff,88a90e81c3fffff,85a90e83fffffff,False,1
1431870500020,-29.7646966,-51.1566206,8da90e81c6a583f,8aa90e81c6a7fff,88a90e81c7fffff,85a90e83fffffff,False,1
1431870500021,-29.7755063,-51.1583735,8da90e81cc5183f,8aa90e81cc57fff,88a90e81cdfffff,85a90e83fffffff,False,1
1431870500022,-29.7781347,-51.1703438,8da90e8034b2aff,8aa90e8034b7fff,88a90e8035fffff,85a90e83fffffff,False,1
1431870500023,-29.7942482,-51.1635527,8da90e8021202ff,8aa90e802127fff,88a90e8021fffff,85a90e83fffffff,False,1
1431870500024,-29.7473673,-51.1174164,8da90e8ad654a7f,8aa90e8ad657fff,88a90e8ad7fffff,85a90e8bfffffff,False,1
1431870500025,-29.7724531,-51.1222542,8da90e81305897f,8aa90e81305ffff,88a90e8131fffff,85a90e83fffffff,False,1
1431870500026,-29.7756208,-51.1421822,8da90e81129663f,8aa90e811297fff,88a90e8117fffff,85a90e83fffffff,False,1
1431870500028,-29.7883891,-51.1412189,8da90e8118805bf,8aa90e811887fff,88a90e8119fffff,85a90e83fffffff,False,1
1431870500029,-29.7973677,-51.1272548,8da90e810ba027f,8aa90e810ba7fff,88a90e810bfffff,85a90e83fffffff,False,1
1431870500034,-29.7605664,-51.0896927,8da90e8aeb6a37f,8aa90e8aeb6ffff,88a90e8aebfffff,85a90e8bfffffff,False,1
1431870500035,-29.7534886,-51.0979627,8da90e8a88a33bf,8aa90e8a88a7fff,88a90e8a89fffff,85a90e8bfffffff,False,1
1431870500036,-29.7904956,-51.1360656,8da90e811d0a37f,8aa90e811d0ffff,88a90e811dfffff,85a90e83fffffff,False,1
1431870500037,-29.7852563,-51.1401383,8da90e81111397f,8aa90e811117fff,88a90e8111fffff,85a90e83fffffff,False,1
1431870500038,-29.7783558,-51.1251979,8da90e813bb4a7f,8aa90e813bb7fff,88a90e8139fffff,85a90e83fffffff,False,1
1431870500039,-29.7725914,-51.1095996,8da90e8134f42bf,8aa90e8134f7fff,88a90e8135fffff,85a90e83fffffff,False,1
1431870500040,-29.7618705,-51.1134681,8da90e8adc2367f,8aa90e8adc07fff,88a90e8addfffff,85a90e8bfffffff,False,1
1431870500041,-29.7667899,-51.109376,8da90e8aca7017f,8aa90e8aca77fff,88a90e8acbfffff,85a90e8bfffffff,False,1
1431870500042,-29.7964702,-51.1272608,8da90e810baa43f,8aa90e810baffff,88a90e810bfffff,85a90e83fffffff,False,1
1431870500043,-29.7903882,-51.1039641,8da90e81285acbf,8aa90e81285ffff,88a90e8129fffff,85a90e83fffffff,False,1
1431870500045,-29.7619408,-51.1161125,8da90e8add5d83f,8aa90e8add5ffff,88a90e8addfffff,85a90e83fffffff,False,1
1431950500001,-29.5894815,-51.3454517,8da90eb8501523f,8aa90eb85017fff,88a90eb851fffff,85a90ebbfffffff,False,1
1431990100001,-29.6346887,-51.0034391,8da90e13173057f,8aa90e131737fff,88a90e1317fffff,85a90e13fffffff,False,1
1431990100002,-29.684296,-50.9771747,8da90ec69b2cc3f,8aa90ec69b2ffff,88a90ec69bfffff,85a90ec7fffffff,True,2
1431990100003,-29.6556589,-51.001039,8da90e13547217f,8aa90e135477fff,88a90e1355fffff,85a90e13fffffff,False,1
1431990100004,-29.6172976,-50.99808,8da90e10640173f,8aa90e106407fff,88a90e1065fffff,85a90e13fffffff,False,1
1431990100005,-29.629346,-50.9624803,8da90e114d6e1bf,8aa90e114d6ffff,88a90e114dfffff,85a90e13fffffff,False,1
1431990100006,-29.6494347,-51.00195,8da90e1356801bf,8aa90e135687fff,88a90e1357fffff,85a90e13fffffff,False,1
1431990100007,-29.6341848,-51.0223436,8da90e104d188ff,8aa90e104d1ffff,88a90e104dfffff,85a90e13fffffff,False,1
1431990100008,-29.5938493,-50.9887027,8da90e1118c8b3f,8aa90e1118cffff,88a90e1119fffff,85a90e13fffffff,False,1
1431990100009,-29.6333031,-51.0147834,8da90e1313090bf,8aa90e13130ffff,88a90e1313fffff,85a90e13fffffff,False,1
1431990100010,-29.6529523,-50.9850387,8da90e130c4d43f,8aa90e130c4ffff,88a90e1301fffff,85a90e13fffffff,False,1
1431990100011,-29.6369969,-50.9911486,8da90e1339533bf,8aa90e133957fff,88a90e1339fffff,85a90e13fffffff,False,1
1432000800001,-29.8013073,-51.1804549,8da90e8001b0dbf,8aa90e8001b7fff,88a90e800dfffff,85a90e83fffffff,False,1
1432000800002,-29.808094,-51.1748788,8da90e806a5a8ff,8aa90e806a5ffff,88a90e806bfffff,85a90e83fffffff,False,1
1432000800003,-29.8204381,-51.1756569,8da90e80450647f,8aa90e804507fff,88a90e8045fffff,85a90e83fffffff,False,1
1432000800004,-29.8398398,-51.1363744,8da90e830470dbf,8aa90e830477fff,88a90e8305fffff,85a90e83fffffff,False,1
1432000800005,-29.8396631,-51.1524073,8da90e830ae24bf,8aa90e830af7fff,88a90e830bfffff,85a90e83fffffff,False,1
1432000800007,-29.827609,-51.1594418,8da90e831468d3f,8aa90e83146ffff,88a90e8315fffff,85a90e83fffffff,False,1
1432000800008,-29.8217773,-51.1546444,8da90e833a7587f,8aa90e833a77fff,88a90e833bfffff,85a90e83fffffff,False,1
1432000800009,-29.8040503,-51.1549491,8da90e815b6adbf,8aa90e815b6ffff,88a90e815bfffff,85a90e83fffffff,False,1
1432000800010,-29.8077011,-51.1433964,8da90e8158a86bf,8aa90e8158affff,88a90e8159fffff,85a90e83fffffff,False,1
1432000800011,-29.8112265,-51.1567005,8da90e8065738bf,8aa90e806577fff,88a90e8065fffff,85a90e83fffffff,False,1
1432000800013,-29.8206589,-51.1436464,8da90e8330082bf,8aa90e83300ffff,88a90e8331fffff,85a90e83fffffff,False,1
1432000800014,-29.8217335,-51.115821,8da90e814d0a9bf,8aa90e814d0ffff,88a90e814dfffff,85a90e83fffffff,False,1
1432000800015,-29.8376221,-51.1361735,8da90e8304e9bbf,8aa90e8304effff,88a90e8305fffff,85a90e83fffffff,False,1
1432000800017,-29.8126197,-51.1346838,8da90e814a6b93f,8aa90e814a6ffff,88a90e814bfffff,85a90e83fffffff,False,1
1432000800018,-29.8257183,-51.1330862,8da90e833c9e2ff,8aa90e833c9ffff,88a90e833dfffff,85a90e83fffffff,False,1
1432000800019,-29.8265373,-51.1390918,8da90e833c7303f,8aa90e833c77fff,88a90e833dfffff,85a90e83fffffff,False,1
1432000800020,-29.8516245,-51.1142535,8da90e83640ccbf,8aa90e83640ffff,88a90e8365fffff,85a90e9bfffffff,False,1
1432000800021,-29.8534343,-51.1077813,8da90e98d96043f,8aa90e98d967fff,88a90e98d9fffff,85a90e9bfffffff,False,1
1432000800022,-29.8274222,-51.1040117,8da90e98916087f,8aa90e989167fff,88a90e9891fffff,85a90e83fffffff,False,1
1432000800023,-29.82963,-51.1679794,8da90e83114a33f,8aa90e83114ffff,88a90e8311fffff,85a90e83fffffff,False,1
1432000800024,-29.847318,-51.1340857,8da90e830cb4b7f,8aa90e830cb7fff,88a90e830dfffff,85a90e83fffffff,False,1
1432000800025,-29.8323075,-51.1246744,8da90e83207197f,8aa90e832077fff,88a90e8321fffff,85a90e83fffffff,False,1
1432000800029,-29.8208506,-51.1666435,8da90e83129b67f,8aa90e806937fff,88a90e8069fffff,85a90e83fffffff,False,1
1432000800030,-29.8248507,-51.150542,8da90e833b12b7f,8aa90e833b17fff,88a90e833bfffff,85a90e83fffffff,False,1
1432120400001,-29.6456297,-50.7837294,8da90eceeaec53f,8aa90eceeaeffff,88a90eceebfffff,85a90ecffffffff,False,1
1432120400002,-29.6757109,-50.7802798,8da90ece1975c7f,8aa90ece1977fff,88a90ece19fffff,85a90ecffffffff,False,1
1432120400003,-29.6665793,-50.7636673,8da90ece1589aff,8aa90ece158ffff,88a90ece15fffff,85a90ecffffffff,False,1
1432120400004,-29.6612519,-50.7620994,8da90ece3b1d37f,8aa90ece3b1ffff,88a90ece3bfffff,85a90ecffffffff,False,1
1432120400007,-29.635013,-50.7994285,8da90ece8a91cbf,8aa90ece8a97fff,88a90ece8bfffff,85a90ecffffffff,False,1
1432120400008,-29.6662104,-50.7901227,8da90ec5268e33f,8aa90ec5268ffff,88a90ec527fffff,85a90ecffffffff,False,1
1432120400009,-29.6553714,-50.7653244,8da90eceeda323f,8aa90eceeda7fff,88a90eceedfffff,85a90ecffffffff,False,1
1432120400010,-29.643063,-50.7305736,8da90ecc46624ff,8aa90ecc4677fff,88a90ecc47fffff,85a90ecffffffff,False,1
1432200400001,-29.6832274,-51.6695552,8da90c4ea76e13f,8aa90c4ea76ffff,88a90c4ea7fffff,85a90c4ffffffff,False,1
1432200400002,-29.758101,-51.6317796,8da90c4e683557f,8aa90c4e6837fff,88a90c4e69fffff,85a90c4ffffffff,False,1
1432200400003,-29.8529012,-51.656664,8da90c42305e17f,8aa90c42305ffff,88a90c4231fffff,85a90c43fffffff,False,1
1432200400005,-29.8456273,-51.5422762,8da90c416d240ff,8aa90c416d27fff,88a90c5897fffff,85a90c43fffffff,False,1
1432200400006,-29.9166984,-51.4218904,8da90c594672d7f,8aa90c594677fff,88a90c5947fffff,85a90c5bfffffff,False,1
1432200400007,-29.9052564,-51.5519375,8da90c5a866cb7f,8aa90c5a866ffff,88a90c5a87fffff,85a90c5bfffffff,False,1
1432200400008,-29.9312462,-51.6818923,8da90c5089226ff,8aa90c508927fff,88a90c5089fffff,85a90c53fffffff,False,1
1432200400009,-29.9313142,-51.7234791,8da90c57639a1bf,8aa90c57639ffff,88a90c5763fffff,85a90c57fffffff,False,1
1432200400010,-29.9394851,-51.7073258,8da90c52b2ea1bf,8aa90c52b2effff,88a90c52b3fffff,85a90c53fffffff,False,1
1432200400011,-29.9358454,-51.6994949,8da90c50d8b413f,8aa90c50d8b7fff,88a90c50d9fffff,85a90c53fffffff,False,1
1432200400012,-29.7713248,-51.698843,8da90c4093302bf,8aa90c409337fff,88a90c4093fffff,85a90c47fffffff,False,1
1432300200001,-30.0565713,-51.1109945,8da9012920568bf,8aa901292057fff,88a9012921fffff,85a9012bfffffff,False,1
1432300200002,-30.0520526,-51.105794,8da901292631cbf,8aa901292637fff,88a9012927fffff,85a90167fffffff,False,1
1432300200003,-30.0766468,-51.0574302,8da901666b2d03f,8aa901666b2ffff,88a901666bfffff,85a90167fffffff,False,1
1432300200004,-30.0615067,-51.0950239,8da9016652e073f,8aa9016652e7fff,88a9016653fffff,85a90167fffffff,False,1
1432300200005,-30.053551,-51.0723093,8da9016602f0aff,8aa9016602f7fff,88a9016603fffff,85a90167fffffff,False,1
1432300200006,-30.0819571,-51.0753273,8da901664b897bf,8aa901664b8ffff,88a901664bfffff,85a90177fffffff,False,1
1432300200007,-30.1080959,-51.0887363,8da9017480162bf,8aa901748017fff,88a9017481fffff,85a90177fffffff,False,1
1432300200008,-30.1019077,-51.0598109,8da90174a5033bf,8aa90174a507fff,88a90174a5fffff,85a90177fffffff,False,1
1432300200009,-30.1353681,-51.0541952,8da90174385e17f,8aa90174385ffff,88a9017439fffff,85a90177fffffff,False,1
1432300200010,-30.131089,-51.0537023,8da901743ab227f,8aa901743ab7fff,88a901743bfffff,85a90177fffffff,False,1
1432300200011,-30.190936,-50.8774371,8da901718d4063f,8aa901718d47fff,88a901718dfffff,85a90173fffffff,False,1
1432300200012,-30.0974774,-50.875661,8da90160665e4bf,8aa90160665ffff,88a9016067fffff,85a90163fffffff,False,1
1432300200013,-30.1521246,-50.8600715,8da90163438243f,8aa901634387fff,88a9016343fffff,85a90163fffffff,False,1
1432300200015,-30.0828919,-51.0269227,8da90175b05633f,8aa90175b057fff,88a90175b1fffff,85a90167fffffff,False,1
1432300200016,-30.0323758,-51.0266209,8da90164681d87f,8aa90164681ffff,88a9016469fffff,85a90167fffffff,False,1
1432300200017,-30.0964501,-51.038396,8da901759c9daff,8aa901759c9ffff,88a901759dfffff,85a90177fffffff,False,1
1432300200018,-30.090695,-51.0349033,8da90175948013f,8aa901759487fff,88a9017595fffff,85a90177fffffff,False,1
1432300200019,-30.152468,-51.0740897,8da9017453992ff,8aa9017452a7fff,88a9017453fffff,85a90177fffffff,False,1
1432300200020,-30.0812176,-51.0031349,8da90167489e6ff,8aa90167489ffff,88a9016749fffff,85a90167fffffff,False,1
1432300200021,-30.1151013,-50.9979867,8da90175e5536ff,8aa90175e42ffff,88a90175e5fffff,85a90177fffffff,False,1
1432300200022,-30.086985,-51.0146042,8da90175a24ba7f,8aa90175a24ffff,88a90175b5fffff,85a90177fffffff,False,1
1432300200023,-30.0900245,-51.0191422,8da90175bc1ccff,8aa90175bc1ffff,88a90175bdfffff,85a90177fffffff,False,1
1432300200024,-30.0525937,-50.9913043,8da901672b0187f,8aa901672b07fff,88a901672bfffff,85a90167fffffff,False,1
1432300200025,-30.0566347,-51.0183527,8da90167569d8bf,8aa90167569ffff,88a9016757fffff,85a90167fffffff,False,1
1432300200026,-30.0522578,-51.0366782,8da90166241db7f,8aa90166240ffff,88a9016625fffff,85a90167fffffff,False,1
1432300200027,-30.0913319,-51.0701267,8da90166493673f,8aa901664937fff,88a9016649fffff,85a90177fffffff,False,1
1432300200028,-30.0966019,-51.0739516,8da90174a31107f,8aa90174a317fff,88a90174a3fffff,85a90177fffffff,False,1
1432300200029,-30.078251,-51.025627,8da90175b74e47f,8aa90175b74ffff,88a90175b7fffff,85a90167fffffff,False,1
1432300200030,-30.0679763,-51.0252804,8da9016751050ff,8aa901675107fff,88a9016751fffff,85a90167fffffff,False,1
